{
  "2.143": {
    "1s5f": 0.00891,
    "1s4d": 0.72349,
    "1s3s": 3.81083,
    "1s3p": 5.50245,
    "1s2p": 0.00029,
    "1s3d": 3.16693,
    "1s4f": 0.33133,
    "1s5d": 0.01294,
    "1s4s": 0.16735,
    "1s5s": 0.00335,
    "1s1s": 0.0,
    "1s4p": 0.26695,
    "1s2s": 5e-05,
    "1s5p": 0.02518
  },
  "4.375": {
    "1s5f": 0.03105,
    "1s4d": 0.5131,
    "1s3s": 3.68667,
    "1s3p": 4.85235,
    "1s2p": 0.00316,
    "1s3d": 4.13975,
    "1s4f": 0.77029,
    "1s5d": 0.04962,
    "1s4s": 0.0749,
    "1s5s": 0.02476,
    "1s1s": 0.0,
    "1s4p": 0.09978,
    "1s2s": 0.00097,
    "1s5p": 0.04303
  },
  "6.428": {
    "1s5f": 0.05155,
    "1s4d": 0.38173,
    "1s3s": 3.54382,
    "1s3p": 4.37007,
    "1s2p": 0.01024,
    "1s3d": 4.24144,
    "1s4f": 0.96452,
    "1s5d": 0.04153,
    "1s4s": 0.0608,
    "1s5s": 0.01888,
    "1s1s": 0.0,
    "1s4p": 0.17706,
    "1s2s": 0.00337,
    "1s5p": 0.02522
  },
  "8.571": {
    "1s5f": 0.0528,
    "1s4d": 0.46172,
    "1s3s": 2.92358,
    "1s3p": 4.16848,
    "1s2p": 0.03535,
    "1s3d": 4.44467,
    "1s4f": 1.00027,
    "1s5d": 0.03179,
    "1s4s": 0.04514,
    "1s5s": 0.00939,
    "1s1s": 0.0,
    "1s4p": 0.17827,
    "1s2s": 0.00661,
    "1s5p": 0.01952
  },
  "20.0": {
    "1s5f": 0.04425,
    "1s4d": 0.72671,
    "1s3s": 1.1425,
    "1s3p": 3.28876,
    "1s2p": 0.14526,
    "1s3d": 5.21835,
    "1s4f": 1.72786,
    "1s5d": 0.04113,
    "1s4s": 0.08764,
    "1s5s": 0.00754,
    "1s1s": 0.0,
    "1s4p": 0.28212,
    "1s2s": 0.04377,
    "1s5p": 0.02577
  },
  "iontype": "He",
  "15.0": {
    "1s5f": 0.04135,
    "1s4d": 0.7057,
    "1s3s": 1.69381,
    "1s3p": 3.9422,
    "1s2p": 0.12236,
    "1s3d": 4.83861,
    "1s4f": 1.4178,
    "1s5d": 0.02215,
    "1s4s": 0.08584,
    "1s5s": 0.00915,
    "1s1s": 0.0,
    "1s4p": 0.24812,
    "1s2s": 0.0219,
    "1s5p": 0.02463
  }
}