{
  "1.0": {
    "4f": 12.45584,
    "5d": 1.76975,
    "1s": 0.0,
    "6h": 0.01076,
    "4s": 2.62031,
    "3s": 0.00148,
    "4d": 12.08802,
    "6d": 0.01962,
    "3d": 0.00246,
    "6p": 0.01243,
    "6g": 0.01807,
    "3p": 0.00462,
    "5f": 1.38308,
    "4p": 7.63691,
    "2s": 0.0,
    "6f": 0.02342,
    "2p": 0.0,
    "5g": 0.66155,
    "5p": 1.82496,
    "6s": 0.00201,
    "5s": 0.75421
  },
  "2.5": {
    "4f": 13.92777,
    "5d": 1.25215,
    "1s": 0.0,
    "6h": 0.09919,
    "4s": 1.92105,
    "3s": 0.04031,
    "4d": 14.33524,
    "6d": 0.13761,
    "3d": 0.06872,
    "6p": 0.08908,
    "6g": 0.15424,
    "3p": 0.11347,
    "5f": 2.31957,
    "4p": 7.74233,
    "2s": 0.0,
    "6f": 0.16467,
    "2p": 0.0,
    "5g": 2.38012,
    "5p": 0.83766,
    "6s": 0.02436,
    "5s": 0.27969
  },
  "3.0": {
    "4f": 13.52739,
    "5d": 1.23862,
    "1s": 0.0,
    "6h": 0.13568,
    "4s": 2.27176,
    "3s": 0.08515,
    "4d": 14.04954,
    "6d": 0.1237,
    "3d": 0.10102,
    "6p": 0.08243,
    "6g": 0.24862,
    "3p": 0.16169,
    "5f": 2.43292,
    "4p": 7.77202,
    "2s": 0.0,
    "6f": 0.21967,
    "2p": 0.0,
    "5g": 2.79814,
    "5p": 0.72247,
    "6s": 0.02786,
    "5s": 0.23008
  },
  "iontype": "H",
  "5.0": {
    "4f": 13.5954,
    "5d": 1.22591,
    "1s": 0.0,
    "6h": 0.26182,
    "4s": 1.69602,
    "3s": 0.26421,
    "4d": 13.76598,
    "6d": 0.08621,
    "3d": 0.22097,
    "6p": 0.04343,
    "6g": 0.20277,
    "3p": 0.42702,
    "5f": 3.05179,
    "4p": 6.98989,
    "2s": 1e-05,
    "6f": 0.08919,
    "2p": 2e-05,
    "5g": 4.57325,
    "5p": 0.50523,
    "6s": 0.01699,
    "5s": 0.14374
  },
  "1.5": {
    "4f": 12.77479,
    "5d": 1.88791,
    "1s": 0.0,
    "6h": 0.02378,
    "4s": 2.1831,
    "3s": 0.0078,
    "4d": 14.24414,
    "6d": 0.02493,
    "3d": 0.01264,
    "6p": 0.02683,
    "6g": 0.05621,
    "3p": 0.01728,
    "5f": 1.75502,
    "4p": 8.32766,
    "2s": 0.0,
    "6f": 0.0405,
    "2p": 0.0,
    "5g": 0.91165,
    "5p": 1.68863,
    "6s": 0.00436,
    "5s": 0.64347
  },
  "8.0": {
    "4f": 15.02234,
    "5d": 1.24579,
    "1s": 0.0,
    "6h": 0.4259,
    "4s": 1.19028,
    "3s": 0.34575,
    "4d": 12.03958,
    "6d": 0.07472,
    "3d": 0.45413,
    "6p": 0.05139,
    "6g": 0.15074,
    "3p": 0.72554,
    "5f": 3.28935,
    "4p": 4.72821,
    "2s": 8e-05,
    "6f": 0.11583,
    "2p": 8e-05,
    "5g": 6.84391,
    "5p": 0.66283,
    "6s": 0.01747,
    "5s": 0.17153
  },
  "25.0": {
    "4f": 11.60418,
    "5d": 1.54828,
    "1s": 0.0,
    "6h": 1.04491,
    "4s": 0.35978,
    "3s": 0.34437,
    "4d": 5.062,
    "6d": 0.44353,
    "3d": 1.43606,
    "6p": 0.20802,
    "6g": 1.02653,
    "3p": 1.09248,
    "5f": 2.91548,
    "4p": 1.62807,
    "2s": 0.00266,
    "6f": 0.78405,
    "2p": 0.00356,
    "5g": 6.41759,
    "5p": 0.5503,
    "6s": 0.04916,
    "5s": 0.14974
  },
  "10.0": {
    "4f": 15.65462,
    "5d": 1.39257,
    "1s": 0.0,
    "6h": 0.37231,
    "4s": 0.95894,
    "3s": 0.35323,
    "4d": 10.47076,
    "6d": 0.10739,
    "3d": 0.62573,
    "6p": 0.05513,
    "6g": 0.18081,
    "3p": 0.84181,
    "5f": 3.30451,
    "4p": 3.91036,
    "2s": 0.00013,
    "6f": 0.16536,
    "2p": 0.0002,
    "5g": 7.49059,
    "5p": 0.65732,
    "6s": 0.01546,
    "5s": 0.15824
  },
  "15.0": {
    "4f": 15.22824,
    "5d": 1.56012,
    "1s": 0.0,
    "6h": 0.36048,
    "4s": 0.63216,
    "3s": 0.37771,
    "4d": 8.03112,
    "6d": 0.24167,
    "3d": 1.0386,
    "6p": 0.10317,
    "6g": 0.45925,
    "3p": 1.02155,
    "5f": 3.2434,
    "4p": 2.96503,
    "2s": 0.00062,
    "6f": 0.38376,
    "2p": 0.00072,
    "5g": 7.48403,
    "5p": 0.60096,
    "6s": 0.02769,
    "5s": 0.1467
  }
}