{
  "iontype": "H",
  "1.0": {
    "4f": 19.80248,
    "2p": 0.0,
    "4d": 12.42009,
    "5g": 0.27826,
    "4p": 6.97275,
    "5d": 0.75242,
    "3d": 0.03145,
    "4s": 2.14211,
    "5s": 0.32025,
    "3s": 0.02739,
    "5f": 0.656,
    "5p": 0.71229,
    "3p": 0.04803,
    "1s": 0.0,
    "2s": 0.0
  },
  "2.0": {
    "4f": 15.96687,
    "2p": 0.0,
    "4d": 13.62429,
    "5g": 0.56131,
    "4p": 6.65044,
    "5d": 0.5373,
    "3d": 0.15866,
    "4s": 1.84628,
    "5s": 0.13183,
    "3s": 0.144,
    "5f": 0.97594,
    "5p": 0.32819,
    "3p": 0.30393,
    "1s": 0.0,
    "2s": 0.0
  },
  "3.0": {
    "4f": 15.00206,
    "2p": 0.0,
    "4d": 12.08598,
    "5g": 1.05908,
    "4p": 5.35156,
    "5d": 0.40791,
    "3d": 0.40508,
    "4s": 1.41438,
    "5s": 0.10685,
    "3s": 0.35322,
    "5f": 0.88783,
    "5p": 0.31539,
    "3p": 0.65108,
    "1s": 0.0,
    "2s": 0.0
  },
  "4.0": {
    "4f": 13.81538,
    "2p": 2e-05,
    "4d": 10.95313,
    "5g": 1.18918,
    "4p": 5.23725,
    "5d": 0.57241,
    "3d": 0.53719,
    "4s": 1.59235,
    "5s": 0.08201,
    "3s": 0.65166,
    "5f": 0.92901,
    "5p": 0.28126,
    "3p": 0.90967,
    "1s": 0.0,
    "2s": 2e-05
  },
  "5.0": {
    "4f": 13.21117,
    "2p": 0.00011,
    "4d": 10.44941,
    "5g": 1.35943,
    "4p": 5.02167,
    "5d": 0.51501,
    "3d": 0.68578,
    "4s": 1.28802,
    "5s": 0.06344,
    "3s": 0.82023,
    "5f": 0.93896,
    "5p": 0.17038,
    "3p": 1.19505,
    "1s": 0.0,
    "2s": 6e-05
  },
  "6.0": {
    "4f": 13.04216,
    "2p": 0.00032,
    "4d": 10.44082,
    "5g": 1.58819,
    "4p": 4.52723,
    "5d": 0.48274,
    "3d": 0.81849,
    "4s": 1.0987,
    "5s": 0.0825,
    "3s": 0.84384,
    "5f": 0.86657,
    "5p": 0.19188,
    "3p": 1.44706,
    "1s": 0.0,
    "2s": 0.00011
  },
  "1.5": {
    "4f": 17.0766,
    "2p": 0.0,
    "4d": 12.75552,
    "5g": 0.3335,
    "4p": 8.01821,
    "5d": 0.69323,
    "3d": 0.08869,
    "4s": 2.77501,
    "5s": 0.2353,
    "3s": 0.07225,
    "5f": 0.80936,
    "5p": 0.60537,
    "3p": 0.14291,
    "1s": 0.0,
    "2s": 0.0
  },
  "8.0": {
    "4f": 13.46333,
    "2p": 0.0008,
    "4d": 9.73269,
    "5g": 2.01203,
    "4p": 3.67473,
    "5d": 0.43829,
    "3d": 1.11475,
    "4s": 0.99454,
    "5s": 0.07174,
    "3s": 0.80368,
    "5f": 0.93432,
    "5p": 0.23101,
    "3p": 1.76473,
    "1s": 0.0,
    "2s": 0.00055
  },
  "10.0": {
    "4f": 13.96937,
    "2p": 0.00104,
    "4d": 8.5432,
    "5g": 2.30943,
    "4p": 3.06164,
    "5d": 0.49355,
    "3d": 1.43964,
    "4s": 0.83081,
    "5s": 0.0722,
    "3s": 0.74924,
    "5f": 0.98115,
    "5p": 0.24694,
    "3p": 1.87998,
    "1s": 0.0,
    "2s": 0.00104
  },
  "15.0": {
    "4f": 13.6548,
    "2p": 0.00433,
    "4d": 6.4354,
    "5g": 2.55111,
    "4p": 2.26783,
    "5d": 0.64822,
    "3d": 2.12667,
    "4s": 0.56794,
    "5s": 0.06654,
    "3s": 0.65175,
    "5f": 1.16679,
    "5p": 0.30933,
    "3p": 1.90953,
    "1s": 0.0,
    "2s": 0.00375
  },
  "20.0": {
    "4f": 12.24048,
    "2p": 0.00824,
    "4d": 5.16632,
    "5g": 2.60693,
    "4p": 1.82076,
    "5d": 0.82822,
    "3d": 2.52624,
    "4s": 0.4019,
    "5s": 0.0804,
    "3s": 0.58688,
    "5f": 1.33028,
    "5p": 0.32462,
    "3p": 1.8712,
    "1s": 0.0,
    "2s": 0.00671
  }
}