{
  "1.0": {
    "5f": 0.00445,
    "4d": 0.58504,
    "2s": 0.0,
    "3d": 4.22725,
    "4s": 0.19634,
    "1s": 0.0,
    "5s": 0.00096,
    "3p": 4.58127,
    "5d": 0.00368,
    "2p": 0.0,
    "4p": 0.39378,
    "3s": 1.65392,
    "5g": 0.00206,
    "4f": 0.40926,
    "5p": 0.00069
  },
  "2.0": {
    "5f": 0.00993,
    "4d": 0.50304,
    "2s": 0.00011,
    "3d": 5.32255,
    "4s": 0.28888,
    "1s": 0.0,
    "5s": 0.00313,
    "3p": 5.44882,
    "5d": 0.00924,
    "2p": 0.00016,
    "4p": 0.46735,
    "3s": 2.14507,
    "5g": 0.00851,
    "4f": 0.26224,
    "5p": 0.01224
  },
  "3.0": {
    "5f": 0.01635,
    "4d": 0.59331,
    "2s": 0.00062,
    "3d": 5.47279,
    "4s": 0.16577,
    "1s": 0.0,
    "5s": 0.00957,
    "3p": 5.71744,
    "5d": 0.02143,
    "2p": 0.00092,
    "4p": 0.39163,
    "3s": 2.32911,
    "5g": 0.00985,
    "4f": 0.38811,
    "5p": 0.0228
  },
  "4.0": {
    "5f": 0.02048,
    "4d": 0.58515,
    "2s": 0.00164,
    "3d": 5.97085,
    "4s": 0.10244,
    "1s": 0.0,
    "5s": 0.01594,
    "3p": 5.59898,
    "5d": 0.02666,
    "2p": 0.0023,
    "4p": 0.23493,
    "3s": 2.15704,
    "5g": 0.01581,
    "4f": 0.60539,
    "5p": 0.04025
  },
  "5.0": {
    "5f": 0.03703,
    "4d": 0.4958,
    "2s": 0.00405,
    "3d": 5.88018,
    "4s": 0.08879,
    "1s": 0.0,
    "5s": 0.01242,
    "3p": 5.42734,
    "5d": 0.05045,
    "2p": 0.00615,
    "4p": 0.18777,
    "3s": 1.91345,
    "5g": 0.01966,
    "4f": 0.77123,
    "5p": 0.04217
  },
  "6.0": {
    "5f": 0.05739,
    "4d": 0.45078,
    "2s": 0.00538,
    "3d": 5.84391,
    "4s": 0.0799,
    "1s": 0.0,
    "5s": 0.0102,
    "3p": 5.37362,
    "5d": 0.05525,
    "2p": 0.01165,
    "4p": 0.20776,
    "3s": 1.85633,
    "5g": 0.02028,
    "4f": 0.84576,
    "5p": 0.02771
  },
  "1.5": {
    "5f": 0.00669,
    "4d": 0.48634,
    "2s": 2e-05,
    "3d": 4.92284,
    "4s": 0.30913,
    "1s": 0.0,
    "5s": 0.00178,
    "3p": 5.12159,
    "5d": 0.00601,
    "2p": 4e-05,
    "4p": 0.50466,
    "3s": 1.94349,
    "5g": 0.00426,
    "4f": 0.2626,
    "5p": 0.00468
  },
  "8.0": {
    "5f": 0.07177,
    "4d": 0.50955,
    "2s": 0.01143,
    "3d": 5.76925,
    "4s": 0.0497,
    "1s": 0.0,
    "5s": 0.00824,
    "3p": 4.91812,
    "5d": 0.03588,
    "2p": 0.03293,
    "4p": 0.23051,
    "3s": 1.74917,
    "5g": 0.02534,
    "4f": 0.90755,
    "5p": 0.01684
  },
  "10.0": {
    "5f": 0.06625,
    "4d": 0.54527,
    "2s": 0.0242,
    "3d": 5.5794,
    "4s": 0.06534,
    "1s": 0.0,
    "5s": 0.00603,
    "3p": 4.6706,
    "5d": 0.02464,
    "2p": 0.05411,
    "4p": 0.24404,
    "3s": 1.52337,
    "5g": 0.04839,
    "4f": 1.02896,
    "5p": 0.01313
  },
  "15.0": {
    "5f": 0.04459,
    "4d": 0.66125,
    "2s": 0.07838,
    "3d": 5.58548,
    "4s": 0.0887,
    "1s": 0.0,
    "5s": 0.00826,
    "3p": 4.19133,
    "5d": 0.01619,
    "2p": 0.09746,
    "4p": 0.23889,
    "3s": 1.06677,
    "5g": 0.08356,
    "4f": 1.51217,
    "5p": 0.02193
  },
  "20.0": {
    "5f": 0.05102,
    "4d": 0.71116,
    "2s": 0.12255,
    "3d": 5.73617,
    "4s": 0.08492,
    "1s": 0.0,
    "5s": 0.00636,
    "3p": 3.38721,
    "5d": 0.03996,
    "2p": 0.1393,
    "4p": 0.27414,
    "3s": 0.75781,
    "5g": 0.06354,
    "4f": 1.82162,
    "5p": 0.02905
  },
  "iontype": "H"
}