{
  "1.5": {
    "1s5d": 0.06063,
    "1s5g": 0.03157,
    "1s2p": 3e-05,
    "1s5f": 0.05656,
    "1s5p": 0.04775,
    "1s1s": 0.0,
    "1s3d": 3.11506,
    "1s4s": 1.0369,
    "1s3s": 2.17876,
    "1s5s": 0.01792,
    "1s4d": 1.34932,
    "1s3p": 4.80562,
    "1s2s": 0.0,
    "1s4f": 0.88503,
    "1s4p": 1.39579
  },
  "2.0": {
    "1s5d": 0.05604,
    "1s5g": 0.05427,
    "1s2p": 0.0001,
    "1s5f": 0.08328,
    "1s5p": 0.02337,
    "1s1s": 0.0,
    "1s3d": 3.69544,
    "1s4s": 0.76533,
    "1s3s": 2.67902,
    "1s5s": 0.01101,
    "1s4d": 1.9634,
    "1s3p": 4.82456,
    "1s2s": 2e-05,
    "1s4f": 1.43264,
    "1s4p": 1.29891
  },
  "3.0": {
    "1s5d": 0.14695,
    "1s5g": 0.13321,
    "1s2p": 0.00043,
    "1s5f": 0.15616,
    "1s5p": 0.12494,
    "1s1s": 0.0,
    "1s3d": 4.4647,
    "1s4s": 0.53064,
    "1s3s": 3.5668,
    "1s5s": 0.06737,
    "1s4d": 1.9769,
    "1s3p": 4.52145,
    "1s2s": 0.00023,
    "1s4f": 2.82056,
    "1s4p": 0.85354
  },
  "4.0": {
    "1s5d": 0.24109,
    "1s5g": 0.16353,
    "1s2p": 0.00121,
    "1s5f": 0.25111,
    "1s5p": 0.09622,
    "1s1s": 0.0,
    "1s3d": 4.79056,
    "1s4s": 0.45571,
    "1s3s": 4.2311,
    "1s5s": 0.04433,
    "1s4d": 2.1094,
    "1s3p": 4.23648,
    "1s2s": 0.00053,
    "1s4f": 3.46461,
    "1s4p": 0.89867
  },
  "5.0": {
    "1s5d": 0.17255,
    "1s5g": 0.20013,
    "1s2p": 0.0052,
    "1s5f": 0.28614,
    "1s5p": 0.05236,
    "1s1s": 0.0,
    "1s3d": 5.13139,
    "1s4s": 0.42179,
    "1s3s": 4.01235,
    "1s5s": 0.02718,
    "1s4d": 2.35523,
    "1s3p": 4.27716,
    "1s2s": 0.0011,
    "1s4f": 3.97417,
    "1s4p": 0.99844
  },
  "6.0": {
    "1s5d": 0.10853,
    "1s5g": 0.27478,
    "1s2p": 0.0132,
    "1s5f": 0.27812,
    "1s5p": 0.05176,
    "1s1s": 0.0,
    "1s3d": 5.38842,
    "1s4s": 0.5326,
    "1s3s": 3.6599,
    "1s5s": 0.02371,
    "1s4d": 2.58198,
    "1s3p": 4.46633,
    "1s2s": 0.00195,
    "1s4f": 4.54836,
    "1s4p": 1.10064
  },
  "8.0": {
    "1s5d": 0.06003,
    "1s5g": 0.3993,
    "1s2p": 0.03598,
    "1s5f": 0.2578,
    "1s5p": 0.04669,
    "1s1s": 0.0,
    "1s3d": 6.06001,
    "1s4s": 0.54173,
    "1s3s": 2.98295,
    "1s5s": 0.03287,
    "1s4d": 3.08561,
    "1s3p": 4.72875,
    "1s2s": 0.0038,
    "1s4f": 5.80658,
    "1s4p": 1.21971
  },
  "20.0": {
    "1s5d": 0.41906,
    "1s5g": 0.39346,
    "1s2p": 0.09556,
    "1s5f": 0.56934,
    "1s5p": 0.17358,
    "1s1s": 0.0,
    "1s3d": 7.76265,
    "1s4s": 0.21588,
    "1s3s": 0.92271,
    "1s5s": 0.05095,
    "1s4d": 2.51661,
    "1s3p": 3.25573,
    "1s2s": 0.03374,
    "1s4f": 7.63176,
    "1s4p": 0.89001
  },
  "10.0": {
    "1s5d": 0.08527,
    "1s5g": 0.43703,
    "1s2p": 0.0529,
    "1s5f": 0.21049,
    "1s5p": 0.06245,
    "1s1s": 0.0,
    "1s3d": 6.76189,
    "1s4s": 0.44318,
    "1s3s": 2.29944,
    "1s5s": 0.04163,
    "1s4d": 3.30598,
    "1s3p": 4.55858,
    "1s2s": 0.00823,
    "1s4f": 6.88852,
    "1s4p": 1.12633
  },
  "iontype": "He",
  "15.0": {
    "1s5d": 0.23668,
    "1s5g": 0.33754,
    "1s2p": 0.06994,
    "1s5f": 0.28098,
    "1s5p": 0.13583,
    "1s1s": 0.0,
    "1s3d": 7.75074,
    "1s4s": 0.29547,
    "1s3s": 1.34839,
    "1s5s": 0.04276,
    "1s4d": 3.02532,
    "1s3p": 3.84114,
    "1s2s": 0.02045,
    "1s4f": 8.00369,
    "1s4p": 0.95637
  }
}