{
  "1.5": {
    "1s5s": 0.00048,
    "1s2p": 0.01855,
    "1s4s": 0.02716,
    "1s4d": 0.06837,
    "1s5p": 0.00209,
    "1s1s": 0.0,
    "1s5g": 0.00148,
    "1s3s": 3.09518,
    "1s5f": 0.00206,
    "1s3d": 2.46225,
    "1s3p": 2.01826,
    "1s4f": 0.03572,
    "1s5d": 0.00216,
    "1s4p": 0.0666,
    "1s2s": 0.00492
  },
  "2.0": {
    "1s5s": 0.00101,
    "1s2p": 0.03633,
    "1s4s": 0.03037,
    "1s4d": 0.08179,
    "1s5p": 0.00353,
    "1s1s": 0.0,
    "1s5g": 0.00254,
    "1s3s": 2.63728,
    "1s5f": 0.00424,
    "1s3d": 2.88794,
    "1s3p": 2.04802,
    "1s4f": 0.04347,
    "1s5d": 0.00319,
    "1s4p": 0.07302,
    "1s2s": 0.01049
  },
  "3.0": {
    "1s5s": 0.00574,
    "1s2p": 0.09269,
    "1s4s": 0.01668,
    "1s4d": 0.11985,
    "1s5p": 0.01098,
    "1s1s": 0.0,
    "1s5g": 0.003,
    "1s3s": 2.30559,
    "1s5f": 0.00753,
    "1s3d": 3.2083,
    "1s3p": 2.1674,
    "1s4f": 0.0764,
    "1s5d": 0.0061,
    "1s4p": 0.0746,
    "1s2s": 0.02542
  },
  "4.0": {
    "1s5s": 0.00922,
    "1s2p": 0.18311,
    "1s4s": 0.0312,
    "1s4d": 0.11871,
    "1s5p": 0.01331,
    "1s1s": 0.0,
    "1s5g": 0.00454,
    "1s3s": 1.8973,
    "1s5f": 0.00971,
    "1s3d": 3.64234,
    "1s3p": 2.23631,
    "1s4f": 0.13767,
    "1s5d": 0.01086,
    "1s4p": 0.03353,
    "1s2s": 0.04522
  },
  "5.0": {
    "1s5s": 0.00584,
    "1s2p": 0.30953,
    "1s4s": 0.03589,
    "1s4d": 0.12743,
    "1s5p": 0.0066,
    "1s1s": 0.0,
    "1s5g": 0.00634,
    "1s3s": 1.55883,
    "1s5f": 0.01107,
    "1s3d": 3.96205,
    "1s3p": 2.09041,
    "1s4f": 0.18057,
    "1s5d": 0.01074,
    "1s4p": 0.07368,
    "1s2s": 0.05383
  },
  "6.0": {
    "1s5s": 0.00208,
    "1s2p": 0.44397,
    "1s4s": 0.03518,
    "1s4d": 0.15237,
    "1s5p": 0.00354,
    "1s1s": 0.0,
    "1s5g": 0.00637,
    "1s3s": 1.41258,
    "1s5f": 0.01259,
    "1s3d": 4.13065,
    "1s3p": 2.10766,
    "1s4f": 0.19137,
    "1s5d": 0.01106,
    "1s4p": 0.11367,
    "1s2s": 0.07658
  },
  "iontype": "He",
  "8.0": {
    "1s5s": 0.00215,
    "1s2p": 0.64439,
    "1s4s": 0.0174,
    "1s4d": 0.19812,
    "1s5p": 0.01413,
    "1s1s": 0.0,
    "1s5g": 0.00814,
    "1s3s": 1.16111,
    "1s5f": 0.01663,
    "1s3d": 4.23568,
    "1s3p": 1.99146,
    "1s4f": 0.20414,
    "1s5d": 0.01344,
    "1s4p": 0.09999,
    "1s2s": 0.13568
  },
  "20.0": {
    "1s5s": 0.00434,
    "1s2p": 0.78166,
    "1s4s": 0.03774,
    "1s4d": 0.21196,
    "1s5p": 0.01011,
    "1s1s": 0.0,
    "1s5g": 0.02224,
    "1s3s": 0.53898,
    "1s5f": 0.02631,
    "1s3d": 5.04631,
    "1s3p": 2.03941,
    "1s4f": 0.38014,
    "1s5d": 0.03413,
    "1s4p": 0.0784,
    "1s2s": 0.44604
  },
  "10.0": {
    "1s5s": 0.00523,
    "1s2p": 0.72364,
    "1s4s": 0.01751,
    "1s4d": 0.1953,
    "1s5p": 0.01497,
    "1s1s": 0.0,
    "1s5g": 0.0122,
    "1s3s": 1.07476,
    "1s5f": 0.02226,
    "1s3d": 4.28628,
    "1s3p": 2.07954,
    "1s4f": 0.23816,
    "1s5d": 0.01486,
    "1s4p": 0.09711,
    "1s2s": 0.20911
  },
  "15.0": {
    "1s5s": 0.00379,
    "1s2p": 0.74523,
    "1s4s": 0.02039,
    "1s4d": 0.20231,
    "1s5p": 0.00784,
    "1s1s": 0.0,
    "1s5g": 0.02691,
    "1s3s": 0.78127,
    "1s5f": 0.02303,
    "1s3d": 4.68178,
    "1s3p": 2.26162,
    "1s4f": 0.35472,
    "1s5d": 0.02491,
    "1s4p": 0.06674,
    "1s2s": 0.39059
  }
}