{
  "1.0": {
    "5p": 6.31403,
    "5g": 17.55325,
    "2s": 0.0,
    "3p": 3e-05,
    "4s": 0.73259,
    "4p": 1.46191,
    "3s": 2e-05,
    "5f": 14.20076,
    "5s": 2.01452,
    "2p": 0.0,
    "5d": 9.50527,
    "4f": 0.60499,
    "4d": 1.36669,
    "3d": 1e-05,
    "1s": 0.0
  },
  "2.0": {
    "5p": 4.077,
    "5g": 16.21619,
    "2s": 0.0,
    "3p": 0.00059,
    "4s": 1.27195,
    "4p": 3.12559,
    "3s": 0.00034,
    "5f": 14.36259,
    "5s": 1.17743,
    "2p": 0.0,
    "5d": 7.85988,
    "4f": 1.67738,
    "4d": 2.94557,
    "3d": 0.00057,
    "1s": 0.0
  },
  "3.0": {
    "5p": 3.21422,
    "5g": 14.45646,
    "2s": 0.0,
    "3p": 0.00537,
    "4s": 1.70132,
    "4p": 4.23056,
    "3s": 0.0015,
    "5f": 12.81013,
    "5s": 0.90124,
    "2p": 0.0,
    "5d": 6.67748,
    "4f": 2.55742,
    "4d": 3.87538,
    "3d": 0.00417,
    "1s": 0.0
  },
  "4.0": {
    "5p": 2.84887,
    "5g": 14.22948,
    "2s": 0.0,
    "3p": 0.01443,
    "4s": 1.66328,
    "4p": 4.81679,
    "3s": 0.00691,
    "5f": 12.43007,
    "5s": 0.88368,
    "2p": 0.0,
    "5d": 6.56905,
    "4f": 3.00083,
    "4d": 4.78488,
    "3d": 0.01056,
    "1s": 0.0
  },
  "5.0": {
    "5p": 2.43111,
    "5g": 14.90229,
    "2s": 0.0,
    "3p": 0.03052,
    "4s": 1.34889,
    "4p": 4.43812,
    "3s": 0.01559,
    "5f": 12.55436,
    "5s": 0.68926,
    "2p": 0.0,
    "5d": 6.0663,
    "4f": 3.63234,
    "4d": 5.74667,
    "3d": 0.01904,
    "1s": 0.0
  },
  "6.0": {
    "5p": 2.25372,
    "5g": 15.68279,
    "2s": 0.0,
    "3p": 0.05124,
    "4s": 1.14406,
    "4p": 4.07155,
    "3s": 0.02218,
    "5f": 12.15256,
    "5s": 0.58699,
    "2p": 0.0,
    "5d": 5.48261,
    "4f": 4.319,
    "4d": 6.20113,
    "3d": 0.02772,
    "1s": 0.0
  },
  "1.5": {
    "5p": 5.72203,
    "5g": 15.89045,
    "2s": 0.0,
    "3p": 0.00015,
    "4s": 0.9832,
    "4p": 2.28364,
    "3s": 5e-05,
    "5f": 14.97498,
    "5s": 1.69475,
    "2p": 0.0,
    "5d": 9.7944,
    "4f": 1.08306,
    "4d": 2.36724,
    "3d": 0.0001,
    "1s": 0.0
  },
  "8.0": {
    "5p": 1.91786,
    "5g": 16.76432,
    "2s": 1e-05,
    "3p": 0.07875,
    "4s": 0.94985,
    "4p": 3.51321,
    "3s": 0.04062,
    "5f": 10.76553,
    "5s": 0.51957,
    "2p": 1e-05,
    "5d": 4.64074,
    "4f": 5.43252,
    "4d": 6.21744,
    "3d": 0.04749,
    "1s": 0.0
  },
  "10.0": {
    "5p": 1.64282,
    "5g": 16.81485,
    "2s": 1e-05,
    "3p": 0.10796,
    "4s": 0.84009,
    "4p": 3.17586,
    "3s": 0.05538,
    "5f": 9.68377,
    "5s": 0.45971,
    "2p": 1e-05,
    "5d": 4.2406,
    "4f": 6.22362,
    "4d": 5.97323,
    "3d": 0.06969,
    "1s": 0.0
  },
  "15.0": {
    "5p": 1.21357,
    "5g": 14.86742,
    "2s": 3e-05,
    "3p": 0.18864,
    "4s": 0.68075,
    "4p": 2.72286,
    "3s": 0.08404,
    "5f": 7.92809,
    "5s": 0.30978,
    "2p": 4e-05,
    "5d": 3.47438,
    "4f": 7.17398,
    "4d": 5.53452,
    "3d": 0.14318,
    "1s": 0.0
  },
  "iontype": "H",
  "20.0": {
    "5p": 0.97021,
    "5g": 12.6445,
    "2s": 9e-05,
    "3p": 0.25853,
    "4s": 0.53979,
    "4p": 2.2545,
    "3s": 0.10886,
    "5f": 6.52759,
    "5s": 0.25233,
    "2p": 0.0001,
    "5d": 2.78986,
    "4f": 7.08878,
    "4d": 4.99687,
    "3d": 0.22717,
    "1s": 0.0
  }
}