{
  "1.0": {
    "4d": 5.19492,
    "4f": 2.8408,
    "4p": 4.12523,
    "5d": 2.80977,
    "5f": 3.44366,
    "5g": 2.88764,
    "5p": 2.0737,
    "2s": 0.0,
    "3s": 0.00045,
    "4s": 1.29082,
    "2p": 0.0,
    "3p": 0.00039,
    "1s": 0.0,
    "3d": 0.00025,
    "5s": 0.84729
  },
  "2.0": {
    "4d": 7.21048,
    "4f": 4.72251,
    "4p": 5.62231,
    "5d": 2.73172,
    "5f": 4.70833,
    "5g": 4.52059,
    "5p": 1.49748,
    "2s": 0.0,
    "3s": 0.00295,
    "4s": 1.8372,
    "2p": 0.0,
    "3p": 0.00637,
    "1s": 0.0,
    "3d": 0.00643,
    "5s": 0.52283
  },
  "3.0": {
    "4d": 7.84019,
    "4f": 6.23331,
    "4p": 6.03131,
    "5d": 2.06787,
    "5f": 4.04962,
    "5g": 5.89912,
    "5p": 1.10114,
    "2s": 0.0,
    "3s": 0.01034,
    "4s": 1.93744,
    "2p": 0.0,
    "3p": 0.04268,
    "1s": 0.0,
    "3d": 0.02963,
    "5s": 0.30511
  },
  "4.0": {
    "4d": 8.04872,
    "4f": 6.39388,
    "4p": 6.58393,
    "5d": 2.20956,
    "5f": 4.284,
    "5g": 5.99426,
    "5p": 1.02791,
    "2s": 0.0,
    "3s": 0.04268,
    "4s": 2.06045,
    "2p": 0.0,
    "3p": 0.08912,
    "1s": 0.0,
    "3d": 0.06042,
    "5s": 0.30925
  },
  "5.0": {
    "4d": 8.56596,
    "4f": 6.74231,
    "4p": 6.29729,
    "5d": 2.21012,
    "5f": 4.77319,
    "5g": 6.51789,
    "5p": 0.84311,
    "2s": 0.0,
    "3s": 0.09139,
    "4s": 1.75578,
    "2p": 0.0,
    "3p": 0.14196,
    "1s": 0.0,
    "3d": 0.09006,
    "5s": 0.24888
  },
  "6.0": {
    "4d": 9.051,
    "4f": 7.22784,
    "4p": 5.57215,
    "5d": 2.07209,
    "5f": 4.93907,
    "5g": 7.29639,
    "5p": 0.84702,
    "2s": 1e-05,
    "3s": 0.11967,
    "4s": 1.43852,
    "2p": 2e-05,
    "3p": 0.21086,
    "1s": 0.0,
    "3d": 0.11644,
    "5s": 0.23366
  },
  "1.5": {
    "4d": 6.06064,
    "4f": 3.82943,
    "4p": 5.5554,
    "5d": 2.89752,
    "5f": 3.77167,
    "5g": 3.48294,
    "5p": 2.09497,
    "2s": 0.0,
    "3s": 0.00087,
    "4s": 1.76568,
    "2p": 0.0,
    "3p": 0.00216,
    "1s": 0.0,
    "3d": 0.00169,
    "5s": 0.63068
  },
  "8.0": {
    "4d": 8.89072,
    "4f": 8.28616,
    "4p": 4.49676,
    "5d": 1.949,
    "5f": 4.77006,
    "5g": 8.58389,
    "5p": 0.93061,
    "2s": 4e-05,
    "3s": 0.16116,
    "4s": 1.14038,
    "2p": 6e-05,
    "3p": 0.30736,
    "1s": 0.0,
    "3d": 0.16737,
    "5s": 0.24049
  },
  "10.0": {
    "4d": 8.09739,
    "4f": 9.09404,
    "4p": 3.79833,
    "5d": 1.97894,
    "5f": 4.51059,
    "5g": 9.13964,
    "5p": 0.90631,
    "2s": 9e-05,
    "3s": 0.18517,
    "4s": 0.96119,
    "2p": 9e-05,
    "3p": 0.37164,
    "1s": 0.0,
    "3d": 0.22887,
    "5s": 0.24031
  },
  "iontype": "H",
  "15.0": {
    "4d": 6.60499,
    "4f": 9.82156,
    "4p": 2.92732,
    "5d": 1.90296,
    "5f": 4.12709,
    "5g": 8.72377,
    "5p": 0.74634,
    "2s": 0.00024,
    "3s": 0.20916,
    "4s": 0.70189,
    "2p": 0.00039,
    "3p": 0.49513,
    "1s": 0.0,
    "3d": 0.40936,
    "5s": 0.19662
  },
  "20.0": {
    "4d": 5.62343,
    "4f": 9.34796,
    "4p": 2.37026,
    "5d": 1.71517,
    "5f": 3.69576,
    "5g": 7.76873,
    "5p": 0.64656,
    "2s": 0.00069,
    "3s": 0.23633,
    "4s": 0.55057,
    "2p": 0.00082,
    "3p": 0.58763,
    "1s": 0.0,
    "3d": 0.58262,
    "5s": 0.17061
  }
}