{
  "1.0": {
    "5s": 0.01561,
    "5p": 0.0298,
    "5f": 0.03669,
    "4d": 1.83487,
    "4s": 0.46448,
    "2p": 0.0,
    "3p": 0.41005,
    "2s": 0.0,
    "5d": 0.03361,
    "1s": 0.0,
    "5g": 0.01815,
    "3d": 0.2072,
    "4f": 2.23853,
    "4p": 1.14611,
    "3s": 0.22365
  },
  "2.0": {
    "5s": 0.01962,
    "5p": 0.0435,
    "5f": 0.06039,
    "4d": 1.90983,
    "4s": 0.5075,
    "2p": 0.0,
    "3p": 1.19412,
    "2s": 0.0,
    "5d": 0.03589,
    "1s": 0.0,
    "5g": 0.03214,
    "3d": 0.64128,
    "4f": 2.29492,
    "4p": 1.24289,
    "3s": 0.63204
  },
  "3.0": {
    "5s": 0.01042,
    "5p": 0.03529,
    "5f": 0.0928,
    "4d": 2.23956,
    "4s": 0.53329,
    "2p": 1e-05,
    "3p": 1.78812,
    "2s": 1e-05,
    "5d": 0.06428,
    "1s": 0.0,
    "5g": 0.06839,
    "3d": 1.00742,
    "4f": 2.39968,
    "4p": 1.53573,
    "3s": 0.91121
  },
  "4.0": {
    "5s": 0.01801,
    "5p": 0.04101,
    "5f": 0.08375,
    "4d": 2.47943,
    "4s": 0.30793,
    "2p": 6e-05,
    "3p": 2.02593,
    "2s": 3e-05,
    "5d": 0.02244,
    "1s": 0.0,
    "5g": 0.12734,
    "3d": 1.43636,
    "4f": 3.04455,
    "4p": 1.03106,
    "3s": 1.20122
  },
  "5.0": {
    "5s": 0.0258,
    "5p": 0.08302,
    "5f": 0.09532,
    "4d": 2.20724,
    "4s": 0.27133,
    "2p": 0.00012,
    "3p": 2.31699,
    "2s": 9e-05,
    "5d": 0.08446,
    "1s": 0.0,
    "5g": 0.16033,
    "3d": 1.71485,
    "4f": 3.34589,
    "4p": 0.88991,
    "3s": 1.3182
  },
  "6.0": {
    "5s": 0.02002,
    "5p": 0.06872,
    "5f": 0.15284,
    "4d": 2.13828,
    "4s": 0.26618,
    "2p": 0.00027,
    "3p": 2.50897,
    "2s": 0.00031,
    "5d": 0.14049,
    "1s": 0.0,
    "5g": 0.16747,
    "3d": 1.82888,
    "4f": 3.44748,
    "4p": 0.85096,
    "3s": 1.46406
  },
  "1.5": {
    "5s": 0.01498,
    "5p": 0.03239,
    "5f": 0.04821,
    "4d": 1.84912,
    "4s": 0.6018,
    "2p": 0.0,
    "3p": 0.79954,
    "2s": 0.0,
    "5d": 0.04541,
    "1s": 0.0,
    "5g": 0.01933,
    "3d": 0.43499,
    "4f": 2.13083,
    "4p": 1.49824,
    "3s": 0.42011
  },
  "8.0": {
    "5s": 0.01262,
    "5p": 0.0305,
    "5f": 0.20222,
    "4d": 2.16395,
    "4s": 0.21696,
    "2p": 0.00116,
    "3p": 2.80255,
    "2s": 0.00064,
    "5d": 0.10883,
    "1s": 0.0,
    "5g": 0.18766,
    "3d": 2.12327,
    "4f": 3.54281,
    "4p": 0.92961,
    "3s": 1.6346
  },
  "10.0": {
    "5s": 0.00995,
    "5p": 0.03322,
    "5f": 0.17847,
    "4d": 2.33642,
    "4s": 0.22232,
    "2p": 0.00352,
    "3p": 2.95713,
    "2s": 0.00118,
    "5d": 0.07431,
    "1s": 0.0,
    "5g": 0.23559,
    "3d": 2.2888,
    "4f": 3.74768,
    "4p": 0.90601,
    "3s": 1.47123
  },
  "15.0": {
    "5s": 0.01087,
    "5p": 0.0333,
    "5f": 0.13342,
    "4d": 2.3778,
    "4s": 0.23856,
    "2p": 0.01136,
    "3p": 3.05559,
    "2s": 0.00558,
    "5d": 0.05858,
    "1s": 0.0,
    "5g": 0.33923,
    "3d": 2.72866,
    "4f": 4.50265,
    "4p": 0.80364,
    "3s": 1.06868
  },
  "iontype": "H",
  "20.0": {
    "5s": 0.01532,
    "5p": 0.0598,
    "5f": 0.16693,
    "4d": 2.12322,
    "4s": 0.21987,
    "2p": 0.02026,
    "3p": 2.7179,
    "2s": 0.01448,
    "5d": 0.09622,
    "1s": 0.0,
    "5g": 0.32988,
    "3d": 3.12246,
    "4f": 4.87753,
    "4p": 0.73121,
    "3s": 0.8174
  }
}