{
  "0.5": {
    "2p": 0.00111,
    "2s": 0.00044,
    "3d": 3.65047,
    "3p": 8.60565,
    "3s": 22.85643,
    "4d": 0.13273,
    "4f": 0.05896,
    "4p": 0.16831000000000002,
    "4s": 0.02403,
    "5d": 0.02371,
    "5f": 0.01684,
    "5p": 0.09494,
    "5s": 0.01691,
    "6d": 0.05977,
    "6f": 0.051660000000000005,
    "6p": 0.045509999999999995,
    "6s": 0.12329
  },
  "1": {
    "2p": 0.0096,
    "2s": 0.0009,
    "3d": 4.0755,
    "3p": 5.6368100000000005,
    "3s": 20.01654,
    "4d": 0.28206,
    "4f": 0.11432,
    "4p": 0.2894,
    "4s": 0.04394,
    "5d": 0.04351,
    "5f": 0.016999999999999998,
    "5p": 0.07437,
    "5s": 0.03022,
    "6d": 0.06421999999999999,
    "6f": 0.045410000000000006,
    "6p": 0.02244,
    "6s": 0.07398
  },
  "2": {
    "2p": 0.056499999999999995,
    "2s": 0.03119,
    "3d": 5.87338,
    "3p": 6.52089,
    "3s": 14.31694,
    "4d": 0.42682000000000003,
    "4f": 0.33076,
    "4p": 0.15373,
    "4s": 0.036,
    "5d": 0.11668,
    "5f": 0.056600000000000004,
    "5p": 0.13155,
    "5s": 0.09475,
    "6d": 0.07889,
    "6f": 0.03447,
    "6p": 0.25212,
    "6s": 0.34226
  },
  "3": {
    "2p": 0.12803,
    "2s": 0.16512,
    "3d": 6.9842200000000005,
    "3p": 6.049899999999999,
    "3s": 11.5217,
    "4d": 0.45403,
    "4f": 0.6147699999999999,
    "4p": 0.2108,
    "4s": 0.08823,
    "5d": 0.22491999999999998,
    "5f": 0.07303,
    "5p": 0.14632,
    "5s": 0.15224,
    "6d": 0.17992,
    "6f": 0.07874000000000002,
    "6p": 0.28738,
    "6s": 0.30452
  },
  "4": {
    "2p": 0.30973,
    "2s": 0.35006,
    "3d": 8.05671,
    "3p": 5.68067,
    "3s": 8.95436,
    "4d": 0.56338,
    "4f": 0.6655599999999999,
    "4p": 0.27481,
    "4s": 0.07174,
    "5d": 0.18528,
    "5f": 0.08152,
    "5p": 0.10318,
    "5s": 0.09789,
    "6d": 0.17402,
    "6f": 0.06347,
    "6p": 0.19952,
    "6s": 0.17098
  },
  "5": {
    "2p": 0.51261,
    "2s": 0.39101,
    "3d": 8.549560000000001,
    "3p": 5.63523,
    "3s": 7.42412,
    "4d": 0.59552,
    "4f": 0.6464599999999999,
    "4p": 0.21276,
    "4s": 0.08771,
    "5d": 0.14851999999999999,
    "5f": 0.07973000000000001,
    "5p": 0.08782,
    "5s": 0.05719,
    "6d": 0.18413,
    "6f": 0.07208999999999999,
    "6p": 0.1666,
    "6s": 0.12321
  },
  "6": {
    "2p": 0.5996900000000001,
    "2s": 0.30454,
    "3d": 8.90831,
    "3p": 5.7035,
    "3s": 6.4057,
    "4d": 0.56367,
    "4f": 0.6803,
    "4p": 0.20523,
    "4s": 0.0849,
    "5d": 0.11230000000000001,
    "5f": 0.06459,
    "5p": 0.07017,
    "5s": 0.03952,
    "6d": 0.12718,
    "6f": 0.05154,
    "6p": 0.10035,
    "6s": 0.06865
  },
  "7": {
    "2p": 0.79635,
    "2s": 0.40322,
    "3d": 9.2758,
    "3p": 5.72445,
    "3s": 5.4146,
    "4d": 0.58671,
    "4f": 0.7437499999999999,
    "4p": 0.20648,
    "4s": 0.09753,
    "5d": 0.0822,
    "5f": 0.04772,
    "5p": 0.05364,
    "5s": 0.03113,
    "6d": 0.08489000000000001,
    "6f": 0.037880000000000004,
    "6p": 0.0671,
    "6s": 0.04109
  },
  "8": {
    "2p": 0.77696,
    "2s": 0.38446,
    "3d": 9.634369999999999,
    "3p": 5.56642,
    "3s": 4.55864,
    "4d": 0.62358,
    "4f": 0.85597,
    "4p": 0.19829000000000002,
    "4s": 0.11406,
    "5d": 0.06931999999999999,
    "5f": 0.036,
    "5p": 0.04452,
    "5s": 0.03199,
    "6d": 0.056400000000000006,
    "6f": 0.021939999999999998,
    "6p": 0.04631,
    "6s": 0.02547
  }
}