{
  "0.5": {
    "2p": 0.68002,
    "2s": 0.01621,
    "3d": 0.26034999999999997,
    "3p": 0.32263,
    "3s": 0.01581,
    "4d": 0.00087,
    "4f": 0.001,
    "4p": 0.00214,
    "4s": 0.00049,
    "5d": 0.00035999999999999997,
    "5f": 0.00027000000000000006,
    "5p": 0.00311,
    "5s": 0.00047,
    "6d": 0.0014,
    "6f": 0.00099,
    "6p": 0.00087,
    "6s": 0.00049
  },
  "1": {
    "2p": 1.73713,
    "2s": 0.05569,
    "3d": 0.20267000000000002,
    "3p": 0.46912,
    "3s": 0.03022,
    "4d": 0.008719999999999999,
    "4f": 0.0041,
    "4p": 0.00896,
    "4s": 0.00311,
    "5d": 0.012870000000000001,
    "5f": 0.0030499999999999998,
    "5p": 0.02068,
    "5s": 0.02388,
    "6d": 0.014929999999999999,
    "6f": 0.010190000000000001,
    "6p": 0.00242,
    "6s": 0.00623
  },
  "2": {
    "2p": 2.79711,
    "2s": 0.18677,
    "3d": 0.35658999999999996,
    "3p": 0.45405,
    "3s": 0.05487,
    "4d": 0.0262,
    "4f": 0.021410000000000002,
    "4p": 0.03668,
    "4s": 0.01321,
    "5d": 0.06679,
    "5f": 0.01503,
    "5p": 0.11139,
    "5s": 0.23387,
    "6d": 0.02404,
    "6f": 0.016640000000000002,
    "6p": 0.10499,
    "6s": 0.1511
  },
  "3": {
    "2p": 2.8404800000000003,
    "2s": 0.56026,
    "3d": 0.5360199999999999,
    "3p": 0.36999,
    "3s": 0.067,
    "4d": 0.03322,
    "4f": 0.02392,
    "4p": 0.0381,
    "4s": 0.03241,
    "5d": 0.11907,
    "5f": 0.027669999999999997,
    "5p": 0.13577,
    "5s": 0.23043,
    "6d": 0.05417,
    "6f": 0.02525,
    "6p": 0.12819,
    "6s": 0.15312
  },
  "4": {
    "2p": 3.7825100000000003,
    "2s": 0.62298,
    "3d": 0.53237,
    "3p": 0.24314,
    "3s": 0.04902,
    "4d": 0.03268,
    "4f": 0.03,
    "4p": 0.02018,
    "4s": 0.02762,
    "5d": 0.07679,
    "5f": 0.019309999999999997,
    "5p": 0.07676,
    "5s": 0.10035,
    "6d": 0.048679999999999994,
    "6f": 0.0194,
    "6p": 0.07927,
    "6s": 0.08759
  },
  "5": {
    "2p": 4.16155,
    "2s": 0.69722,
    "3d": 0.35958999999999997,
    "3p": 0.16660000000000003,
    "3s": 0.05979,
    "4d": 0.028270000000000003,
    "4f": 0.02357,
    "4p": 0.02101,
    "4s": 0.01376,
    "5d": 0.04249,
    "5f": 0.01121,
    "5p": 0.03764,
    "5s": 0.03581,
    "6d": 0.03128,
    "6f": 0.010229999999999998,
    "6p": 0.0418,
    "6s": 0.04009
  },
  "6": {
    "2p": 4.00773,
    "2s": 0.8178,
    "3d": 0.31836,
    "3p": 0.17597000000000002,
    "3s": 0.06754,
    "4d": 0.03177,
    "4f": 0.01854,
    "4p": 0.01637,
    "4s": 0.00964,
    "5d": 0.02165,
    "5f": 0.0058899999999999985,
    "5p": 0.0215,
    "5s": 0.02275,
    "6d": 0.019899999999999998,
    "6f": 0.00643,
    "6p": 0.020839999999999997,
    "6s": 0.01741
  },
  "7": {
    "2p": 3.74363,
    "2s": 0.93107,
    "3d": 0.35242,
    "3p": 0.21322000000000002,
    "3s": 0.07567,
    "4d": 0.03132,
    "4f": 0.01883,
    "4p": 0.01888,
    "4s": 0.00677,
    "5d": 0.01394,
    "5f": 0.00414,
    "5p": 0.02223,
    "5s": 0.01528,
    "6d": 0.014539999999999999,
    "6f": 0.005209999999999999,
    "6p": 0.01632,
    "6s": 0.01314
  },
  "8": {
    "2p": 3.47778,
    "2s": 1.03171,
    "3d": 0.41841,
    "3p": 0.25179,
    "3s": 0.0848,
    "4d": 0.03591,
    "4f": 0.0245,
    "4p": 0.025849999999999998,
    "4s": 0.00596,
    "5d": 0.01388,
    "5f": 0.00381,
    "5p": 0.01924,
    "5s": 0.01417,
    "6d": 0.012240000000000001,
    "6f": 0.00551,
    "6p": 0.01698,
    "6s": 0.00999
  }
}