{
  "1s2p_singlet_P1": {
    "1s1s_singlet_S0": 1.0
  },
  "1s2p_triplet_P0": {
    "1s2s_triplet_S1": 1.0
  },
  "1s2p_triplet_P1": {
    "1s1s_singlet_S0": 0.8469866025135842,
    "1s2s_triplet_S1": 0.15301339748641585
  },
  "1s2s_singlet_S0": {
    "1s1s_singlet_S0": 1.0
  },
  "1s2s_triplet_S1": {
    "1s1s_singlet_S0": 1.0
  },
  "1s2p_triplet_P2": {
    "1s1s_singlet_S0": 0.0043335111851437345,
    "1s2s_triplet_S1": 0.9956664888148563
  },
  "1s3d_singlet_D2": {
    "1s2p_singlet_P1": 0.9897908650850457,
    "1s2p_triplet_P1": 0.007118403650677553,
    "1s2p_triplet_P2": 0.003090731264276771
  },
  "1s3d_triplet_D1": {
    "1s2p_triplet_P0": 0.5559867918484019,
    "1s2p_triplet_P1": 0.4163278381508588,
    "1s2p_triplet_P2": 0.027685370000739264
  },
  "1s3d_triplet_D2": {
    "1s2p_singlet_P1": 0.009267486055580237,
    "1s2p_triplet_P1": 0.7441137272323411,
    "1s2p_triplet_P2": 0.24661878671207857
  },
  "1s3d_triplet_D3": {
    "1s2p_triplet_P2": 1.0
  },
  "1s3p_singlet_P1": {
    "1s1s_singlet_S0": 0.9505502933619665,
    "1s2s_singlet_S0": 0.04944970663803352
  },
  "1s3p_triplet_P0": {
    "1s2s_triplet_S1": 0.9998080629605707,
    "1s3s_triplet_S1": 0.00019193703942933536
  },
  "1s3p_triplet_P1": {
    "1s1s_singlet_S0": 0.0025173164571927562,
    "1s2s_singlet_S0": 0.00012420037394879544,
    "1s2s_triplet_S1": 0.997163606503199,
    "1s3s_triplet_S1": 0.00019487666565948483
  },
  "1s3p_triplet_P2": {
    "1s2s_triplet_S1": 0.999797125938005,
    "1s3s_triplet_S1": 0.00020287406199509192
  },
  "1s3s_singlet_S0": {
    "1s2p_singlet_P1": 0.9998549891260073,
    "1s2p_triplet_P1": 0.00014501087399265976
  },
  "1s3s_triplet_S1": {
    "1s2p_triplet_P0": 0.11143946615824595,
    "1s2p_triplet_P1": 0.33374642516682557,
    "1s2p_triplet_P2": 0.5548141086749285
  },
  "1s4d_singlet_D2": {
    "1s2p_singlet_P1": 0.7352497875349989,
    "1s2p_triplet_P1": 0.0030496416785790906,
    "1s2p_triplet_P2": 0.0014235231578435161,
    "1s3p_singlet_P1": 0.2589058565055605,
    "1s3p_triplet_P1": 0.0009237675270236813,
    "1s3p_triplet_P2": 0.00044742359599424285
  },
  "1s4d_triplet_D1": {
    "1s2p_triplet_P0": 0.423110529555325,
    "1s2p_triplet_P1": 0.3169383383478172,
    "1s2p_triplet_P2": 0.02109096230743736,
    "1s3p_triplet_P0": 0.13278697697641687,
    "1s3p_triplet_P1": 0.09945751749330325,
    "1s3p_triplet_P2": 0.00661567531970025
  },
  "1s4d_triplet_D2": {
    "1s2p_singlet_P1": 0.0038391944844290717,
    "1s2p_triplet_P1": 0.5684822958986258,
    "1s2p_triplet_P2": 0.1887280790325402,
    "1s3p_singlet_P1": 0.0013598762954947418,
    "1s3p_triplet_P1": 0.17838681442801746,
    "1s3p_triplet_P2": 0.05920373986089276
  },
  "1s4d_triplet_D3": {
    "1s2p_triplet_P2": 0.7611446649410412,
    "1s3p_triplet_P2": 0.23885533505895887
  },
  "1s4f_singlet_F3": {
    "1s3d_singlet_D2": 0.7237537365258613,
    "1s3d_triplet_D2": 0.23506144509194118,
    "1s3d_triplet_D3": 0.04118481838219753
  },
  "1s4f_triplet_F2": {
    "1s3d_singlet_D2": 0.0018085199374252101,
    "1s3d_triplet_D1": 0.8400575109340102,
    "1s3d_triplet_D2": 0.15369405268218578,
    "1s3d_triplet_D3": 0.004439916446378891
  },
  "1s4f_triplet_F3": {
    "1s3d_singlet_D2": 0.27442169074403594,
    "1s3d_triplet_D2": 0.6556684862924873,
    "1s3d_triplet_D3": 0.0699098229634768
  },
  "1s4f_triplet_F4": {
    "1s3d_triplet_D3": 1.0
  },
  "1s4p_singlet_P1": {
    "1s1s_singlet_S0": 0.9304321036151789,
    "1s2s_singlet_S0": 0.05298784347201244,
    "1s3d_singlet_D2": 0.001670187419392712,
    "1s3s_singlet_S0": 0.014909865493415914
  },
  "1s4p_triplet_P0": {
    "1s2s_triplet_S1": 0.7447377213498162,
    "1s3d_triplet_D1": 0.035048446374874705,
    "1s3s_triplet_S1": 0.22021383227530905
  },
  "1s4p_triplet_P1": {
    "1s1s_singlet_S0": 0.001954393028438019,
    "1s2s_singlet_S0": 0.00010945534480317325,
    "1s2s_triplet_S1": 0.7431494473538629,
    "1s3d_singlet_D2": 0.0002455160399422991,
    "1s3d_triplet_D1": 0.008745091971328767,
    "1s3d_triplet_D2": 0.025985225628873967,
    "1s3s_triplet_S1": 0.21981087063275093
  },
  "1s4p_triplet_P2": {
    "1s2s_triplet_S1": 0.7446063620102502,
    "1s3d_triplet_D1": 0.00035093331231962914,
    "1s3d_triplet_D2": 0.005198888366143317,
    "1s3d_triplet_D3": 0.029433655072288588,
    "1s3s_triplet_S1": 0.2204101612389983
  },
  "1s4s_singlet_S0": {
    "1s2p_singlet_P1": 0.6351017303669899,
    "1s3p_singlet_P1": 0.3648982696330101
  },
  "1s4s_triplet_S1": {
    "1s2p_triplet_P0": 0.06065844801944694,
    "1s2p_triplet_P1": 0.18171111933143594,
    "1s2p_triplet_P2": 0.30227308757917304,
    "1s3p_triplet_P0": 0.0507160490099122,
    "1s3p_triplet_P1": 0.15196696435985899,
    "1s3p_triplet_P2": 0.2526743317001729
  },
  "1s5d_singlet_D2": {
    "1s2p_singlet_P1": 0.6488181023113407,
    "1s2p_triplet_P1": 0.0021077094138569666,
    "1s2p_triplet_P2": 0.0010221587302959843,
    "1s3p_singlet_P1": 0.23741308948600928,
    "1s3p_triplet_P1": 0.0006984800011825375,
    "1s3p_triplet_P2": 0.00034792542091526647,
    "1s4f_singlet_F3": 0.0024649829569126937,
    "1s4f_triplet_F3": 0.001065685924012504,
    "1s4p_singlet_P1": 0.10563378018720433,
    "1s4p_triplet_P1": 0.00028292675915737663,
    "1s4p_triplet_P2": 0.00014515880911233914
  },
  "1s5d_triplet_D1": {
    "1s2p_triplet_P0": 0.37379814287500907,
    "1s2p_triplet_P1": 0.28020933810153437,
    "1s2p_triplet_P2": 0.018642555665144826,
    "1s3p_triplet_P0": 0.127096939339692,
    "1s3p_triplet_P1": 0.09523217961919941,
    "1s3p_triplet_P2": 0.006339527370965132,
    "1s4f_triplet_F2": 0.0034288041272662905,
    "1s4p_triplet_P0": 0.05295009460546887,
    "1s4p_triplet_P1": 0.03966382678494881,
    "1s4p_triplet_P2": 0.002638591510771208
  },
  "1s5d_triplet_D2": {
    "1s2p_singlet_P1": 0.0027726288224023056,
    "1s2p_triplet_P1": 0.5027202098543199,
    "1s2p_triplet_P2": 0.16695998982848959,
    "1s3p_singlet_P1": 0.0010115745542714767,
    "1s3p_triplet_P1": 0.17100294215399578,
    "1s3p_triplet_P2": 0.05679650956590403,
    "1s4f_singlet_F3": 0.0009006024835437899,
    "1s4f_triplet_F2": 0.0003792010457026484,
    "1s4f_triplet_F3": 0.0021530812315557727,
    "1s4p_singlet_P1": 0.0004528106604566919,
    "1s4p_triplet_P1": 0.07121172578857088,
    "1s4p_triplet_P2": 0.023638724010787156
  },
  "1s5d_triplet_D3": {
    "1s2p_triplet_P2": 0.672531660146776,
    "1s3p_triplet_P2": 0.2287836012828074,
    "1s4f_singlet_F3": 0.00010103329506314581,
    "1s4f_triplet_F3": 0.00017185989621683494,
    "1s4f_triplet_F4": 0.0031574649548609538,
    "1s4p_triplet_P2": 0.09525438042427563
  },
  "1s5f_singlet_F3": {
    "1s3d_singlet_D2": 0.4779014401308679,
    "1s3d_triplet_D2": 0.13524961294657203,
    "1s3d_triplet_D3": 0.024245610960184617,
    "1s4d_singlet_D2": 0.2650074489527649,
    "1s4d_triplet_D2": 0.0838372330791926,
    "1s4d_triplet_D3": 0.013758653930418018
  },
  "1s5f_triplet_F2": {
    "1s3d_singlet_D2": 0.0011561642005037099,
    "1s3d_triplet_D1": 0.5359284584483157,
    "1s3d_triplet_D2": 0.09806697858029449,
    "1s3d_triplet_D3": 0.0028335643038063687,
    "1s4d_singlet_D2": 0.00039314247120506886,
    "1s4d_triplet_D1": 0.30411258042497985,
    "1s4d_triplet_D2": 0.055901676018303426,
    "1s4d_triplet_D3": 0.0016074355525913908
  },
  "1s5f_triplet_F3": {
    "1s3d_singlet_D2": 0.15787723382283445,
    "1s3d_triplet_D2": 0.43314138355532994,
    "1s3d_triplet_D3": 0.04667471805553124,
    "1s4d_singlet_D2": 0.09731678714578265,
    "1s4d_triplet_D2": 0.23850780926376466,
    "1s4d_triplet_D3": 0.02648206815675704
  },
  "1s5f_triplet_F4": {
    "1s3d_triplet_D3": 0.6380869058034412,
    "1s4d_triplet_D3": 0.36191309419655876
  },
  "1s5g_singlet_G4": {
    "1s4f_singlet_F3": 0.9692662835267789,
    "1s4f_triplet_F3": 0.003128464723306524,
    "1s4f_triplet_F4": 0.02760525174991462
  },
  "1s5g_triplet_G3": {
    "1s4f_singlet_F3": 0.029748599389767302,
    "1s4f_triplet_F2": 0.9183816214111655,
    "1s4f_triplet_F3": 0.050595118725378654,