{
  "2p_1/2": {
    "1s": 1.0
  },
  "2p_3/2": {
    "1s": 0.9999999996759242,
    "2p_1/2": 1.1895475815177725e-14,
    "2s": 3.2406396245348106e-10
  },
  "2s": {
    "1s": 0.00124786,
    "2p_1/2": 5.2438455215837626e-08
  },
  "3d_3/2": {
    "1s": 0.0005898761717778224,
    "2p_1/2": 0.8329880764402475,
    "2p_3/2": 0.1663714646790612,
    "2s": 5.0582352877050325e-05,
    "3p_1/2": 3.560364420839175e-10,
    "3s": 5.676380285606392e-21
  },
  "3d_5/2": {
    "1s": 0.0005900331940181762,
    "2p_1/2": 1.000491068117777e-08,
    "2p_3/2": 0.9993592908913995,
    "2s": 5.0665893834169485e-05,
    "3d_3/2": 1.3060709192397226e-16,
    "3p_1/2": 3.7133610797448264e-24,
    "3p_3/2": 1.5837335987776882e-11,
    "3s": 2.5340492098593925e-20
  },
  "3p_1/2": {
    "1s": 0.8809412313117092,
    "2p_1/2": 2.2233833339114388e-26,
    "2p_3/2": 8.10926657176314e-06,
    "2s": 0.11905065942171901
  },
  "3p_3/2": {
    "1s": 0.8814608616493239,
    "2p_1/2": 4.047023645486348e-06,
    "2p_3/2": 4.0444409884056295e-06,
    "2s": 0.11853104671958899,
    "3p_1/2": 1.0196330154677793e-15,
    "3s": 1.664522488523262e-10
  },
  "3s": {
    "1s": 3.827465196094652e-22,
    "2p_1/2": 0.33091666345277787,
    "2p_3/2": 0.669083336546521,
    "2s": 1.6466777216447518e-23,
    "3p_1/2": 7.010913578337609e-13
  },
  "4d_3/2": {
    "1s": 0.0007782789501267674,
    "2p_1/2": 0.6211595336629745,
    "2p_3/2": 0.12396739593046731,
    "2s": 1.1885352042266709e-05,
    "3d_3/2": 1.9247569368151505e-06,
    "3d_5/2": 8.247446810338486e-07,
    "3p_1/2": 0.21169681196945378,
    "3p_3/2": 0.0423746305008411,
    "3s": 8.713867524756816e-06,
    "4p_1/2": 2.649516534644767e-10,
    "4s": 2.5137343228859335e-21
  },
  "4d_5/2": {
    "1s": 0.0007788591053061162,
    "2p_1/2": 1.3583726185406782e-08,
    "2p_3/2": 0.7448997898425992,
    "2s": 1.1925453118616864e-05,
    "3d_3/2": 5.502291165231657e-07,
    "3d_5/2": 2.2007400540642807e-06,
    "3p_1/2": 3.111026120514917e-10,
    "3p_3/2": 0.2542979389125179,
    "3s": 8.721810683201446e-06,
    "4d_3/2": 2.3233464137897057e-17,
    "4f_5/2": 0.0,
    "4p_1/2": 4.933362373700009e-25,
    "4p_3/2": 1.1775502894492243e-11,
    "4s": 1.1290369816442e-20
  },
  "4f_5/2": {
    "2p_1/2": 0.00022322951286869998,
    "2p_3/2": 6.367878338568303e-05,
    "3d_3/2": 0.9330710621096612,
    "3d_5/2": 0.06661508284180064,
    "3p_1/2": 2.0978621415394468e-05,
    "3p_3/2": 5.968117087313738e-06,
    "4d_3/2": 1.3781150037718237e-11,
    "4p_1/2": 1.2695073009973533e-20,
    "4p_3/2": 3.541247898281595e-24
  },
  "4f_7/2": {
    "2p_3/2": 0.0002866357712742426,
    "3d_3/2": 1.465735018046806e-09,
    "3d_5/2": 0.9996864862342412,
    "3p_3/2": 2.687652694849225e-05,
    "4d_3/2": 5.430155444695374e-27,
    "4d_5/2": 1.801205031834438e-12,
    "4f_5/2": 6.0936641744968604e-18,
    "4p_3/2": 1.194492649303958e-22
  },
  "4p_1/2": {
    "1s": 0.8376244624170077,
    "2p_1/2": 1.958916301761445e-26,
    "2p_3/2": 8.13605466942981e-06,
    "2s": 0.1198517470362194,
    "3d_3/2": 0.004356863356238011,
    "3d_5/2": 9.598477052088905e-12,
    "3p_1/2": 2.504360325564026e-27,
    "3p_3/2": 2.0324934777704887e-06,
    "3s": 0.03815675863278928
  },
  "4p_3/2": {
    "1s": 0.8383322847390674,
    "2p_1/2": 4.028113940400866e-06,
    "2p_3/2": 4.061429168479369e-06,
    "2s": 0.11941994937594445,
    "3d_3/2": 0.0004300693079224984,
    "3d_5/2": 0.0038887957138907603,
    "3p_1/2": 1.0121772021668942e-06,
    "3p_3/2": 1.0121772021668942e-06,
    "3s": 0.03791878686753296,
    "4d_3/2": 0.0,
    "4p_1/2": 1.795085062011724e-16,
    "4s": 9.812848997668273e-11
  },
  "4s": {
    "1s": 1.885381454500406e-22,
    "2p_1/2": 0.19109196014106,
    "2p_3/2": 0.3904560591725959,
    "2s": 8.03341273457623e-24,
    "3d_3/2": 5.995912752828147e-06,
    "3d_5/2": 8.999420900309653e-06,
    "3p_1/2": 0.13862772355381373,
    "3p_3/2": 0.27980926179864685,
    "3s": 3.762435252399662e-26,
    "4p_1/2": 2.3050953471983766e-13
  },
  "5d_3/2": {
    "1s": 0.0010062550889363446,
    "2p_1/2": 0.5462137594853721,
    "2p_3/2": 0.10927687959213754,
    "2s": 3.733569839906261e-06,
    "3d_3/2": 1.772933758529527e-06,
    "3d_5/2": 7.63948453988132e-07,
    "3p_1/2": 0.1969168005142516,
    "3p_3/2": 0.039417487797913445,
    "3s": 4.808592234394809e-06,
    "4d_3/2": 8.306680978365483e-07,
    "4d_5/2": 3.561224979837462e-07,
    "4f_5/2": 0.0035253909000211767,
    "4f_7/2": 1.5840369663551104e-12,
    "4p_1/2": 0.08632600466218361,
    "4p_3/2": 0.017302741397006164,
    "4s": 2.414534425716343e-06,
    "5p_1/2": 1.912857308288354e-10,
    "5s": 1.1796237798570375e-21
  },
  "5d_5/2": {
    "1s": 0.0010053209997889806,
    "2p_1/2": 1.4957214874909223e-08,
    "2p_3/2": 0.6557403743542283,
    "2s": 3.751223175025617e-06,
    "3d_3/2": 5.062363367839836e-07,
    "3d_5/2": 2.0348214680688205e-06,
    "3p_1/2": 6.17598114199633e-10,
    "3p_3/2": 0.23617551265367817,
    "3s": 4.808649226632929e-06,
    "4d_3/2": 2.368566244421531e-07,
    "4d_5/2": 9.479373316099686e-07,
    "4f_5/2": 0.00016699158273933827,
    "4f_7/2": 0.003351069999296602,
    "4p_1/2": 2.7091221386589904e-11,
    "4p_3/2": 0.10354601964289957,
    "4s": 2.4094329517300263e-06,
    "5d_3/2": 5.741772376843567e-18,
    "5p_1/2": 9.169467452343597e-26,
    "5p_3/2": 8.350430526702508e-12,
    "5s": 5.1662329155822616e-21
  },
  "5f_5/2": {
    "2p_1/2": 0.00029271078706223354,
    "2p_3/2": 8.271665700389585e-05,
    "3d_3/2": 0.5946008967236571,
    "3d_5/2": 0.04243724141939005,
    "3p_1/2": 1.8173688698247263e-07,
    "3p_3/2": 5.08972887402854e-08,
    "4d_3/2": 0.3384018928358141,
    "4d_5/2": 0.02417449959144915,
    "4f_5/2": 1.1761863360305523e-06,
    "4f_7/2": 1.9605389014091093e-07,
    "4p_1/2": 6.5659557547191866e-06,
    "4p_3/2": 1.8711432596781908e-06,
    "5d_3/2": 1.2207129008773699e-11,
    "5p_1/2": 8.460047320895352e-21,
    "5p_3/2": 2.3581953766949194e-24
  },
  "5f_7/2": {
    "2p_3/2": 0.0003722454506648433,
    "3d_3/2": 1.998893004168068e-09,
    "3d_5/2": 0.6369609367402101,
    "3p_3/2": 2.3108668823241604e-07,
    "4d_3/2": 1.1383108353357304e-10,
    "4d_5/2": 0.3626567914020874,
    "4f_5/2": 1.4701469362503884e-07,
    "4f_7/2": 1.225293672933587e-06,
    "4p_3/2": 8.4208975453988e-06,
    "5d_3/2": 1.2704973523151504e-27,
    "5d_5/2": 1.7132879389845546e-12,
    "5f_5/2": 1.6215107717553198e-18,
    "5g_7/2": 0.0,
    "5p_3/2": 8.057898301880186e-23
  },
  "5g_7/2": {
    "3d_3/2": 0.00015720612147580924,
    "3d_5/2": 1.7458425164989544e-05,
    "4d_3/2": 1.354691203669688e-05,
    "4d_5/2": 1.5032369368409195e-06,
    "4f_5/2": 0.9641134264897313,
    "4f_7/2": 0.035696858813040376,
    "5d_3/2": 5.488736163894544e-23,
    "5d_5/2": 2.6434258076687515e-26,
    "5f_5/2": 1.613929317157706e-12
  },
  "5g_9/2": {
    "3d_5/2": 0.0001746083022952571,
    "4d_5/2": 1.5040176367219584e-05,
    "4f_5/2": 3.362529132900122e-10,
    "4f_7/2": 0.9998103511847343,
    "5d_5/2": 2.7189334851495356e-24,
    "5f_5/2": 5.931175577309325e-29,
    "5f_7/2": 3.503638339091427e-13,
    "5g_7/2": 5.89675869775047e-19
  },
  "5p_1/2": {
    "1s": 0.8150537665189842,
    "2p_1/2": 3.377845536408713e-27,
    "2p_3/2": 7.846012082094837e-06,
    "2s": 0.1190038210016363,
    "3d_3/2": 0.003617286239979492,
    "3d_5/2": 1.7202709899935483e-11,
    "3p_1/2": 1.848649422082619e-26,
    "3p_3/2": 2.203332160040331e-06,
    "3s": 0.039713718689507425,
    "4d_3/2": 0.0046216235552065475,
    "4d_5/2": 2.1818362365277423e-12,
    "4f_5/2": 7.368324892926202e-08,
    "4p_1/2": 5.187682874371381e-28,
    "4p_3/2": 7.093654759154236e-07,
    "4s": 0.017978951582334517
  },
  "5p_3/2": {
    "1s": 0.8158845862034245,
    "2p_1/2": 3.5596302782795227e-06,
    "2p_3/2": 3.918026125600881e-06,
    "2s": 0.11861478456877422,
    "3d_3/2": 0.00035691242080098897,
    "3d_5/2": 0.003252264303258887,
    "3p_1/2": 1.0805278774374081e-06,
    "3p_3/2": 1.0977356250736985e-06,