{
  "2p_1/2": {
    "1s": 811600000000.0
  },
  "2p_3/2": {
    "1s": 811600000000.0,
    "2p_1/2": 0.0009636,
    "2s": 45.77
  },
  "2s": {
    "1s": 383500.0,
    "2p_1/2": 0.0091
  },
  "3d_3/2": {
    "1s": 27790000.0,
    "2p_1/2": 69900000000.0,
    "2p_3/2": 13970000000.0,
    "2s": 2385000.0,
    "3p_1/2": 5.268,
    "3s": 1.428e-11
  },
  "3d_5/2": {
    "1s": 27780000.0,
    "2p_1/2": 264.8,
    "2p_3/2": 83810000000.0,
    "2s": 2386000.0,
    "3d_3/2": 1.12e-06,
    "3p_1/2": 5.529e-15,
    "3p_3/2": 0.2291,
    "3s": 6.519e-11
  },
  "3p_1/2": {
    "1s": 216000000000.0,
    "2p_1/2": 2.27e-15,
    "2p_3/2": 1115000.0,
    "2s": 29100000000.0
  },
  "3p_3/2": {
    "1s": 216400000000.0,
    "2p_1/2": 557800.0,
    "2p_3/2": 557600.0,
    "2s": 29070000000.0,
    "3d_3/2": 4.747e-08,
    "3p_1/2": 2.52e-05,
    "3s": 7.148
  },
  "3s": {
    "1s": 2.713e-15,
    "2p_1/2": 2721000000.0,
    "2p_3/2": 5476000000.0,
    "2s": 1.483e-14,
    "3p_1/2": 0.001555
  },
  "4d_3/2": {
    "1s": 15510000.0,
    "2p_1/2": 22290000000.0,
    "2p_3/2": 4452000000.0,
    "2s": 240000.0,
    "3d_3/2": 38860.0,
    "3d_5/2": 16650.0,
    "3p_1/2": 7600000000.0,
    "3p_3/2": 1521000000.0,
    "3s": 175700.0,
    "4p_1/2": 1.69,
    "4s": 2.691e-12
  },
  "4d_5/2": {
    "1s": 15510000.0,
    "2p_1/2": 153.9,
    "2p_3/2": 26730000000.0,
    "2s": 240500.0,
    "3d_3/2": 11100.0,
    "3d_5/2": 44410.0,
    "3p_1/2": 3.526,
    "3p_3/2": 9122000000.0,
    "3s": 175700.0,
    "4d_3/2": 8.249e-08,
    "4p_1/2": 3.133e-16,
    "4p_3/2": 0.07211,
    "4s": 1.221e-11
  },
  "4f_5/2": {
    "2p_1/2": 2244000.0,
    "2p_3/2": 640700.0,
    "3d_3/2": 16690000000.0,
    "3d_5/2": 1192000000.0,
    "3p_1/2": 210600.0,
    "3p_3/2": 60020.0,
    "4d_3/2": 0.04337,
    "4p_1/2": 7.147e-12,
    "4p_3/2": 1.871e-15
  },
  "4f_7/2": {
    "2p_3/2": 2883000.0,
    "3d_3/2": 8.287,
    "3d_5/2": 17880000000.0,
    "3p_3/2": 270200.0,
    "4d_3/2": 1.764e-18,
    "4d_5/2": 0.006078,
    "4f_5/2": 1.156e-08,
    "4p_3/2": 6.671e-14
  },
  "4p_1/2": {
    "1s": 87700000000.0,
    "2p_1/2": 1.21e-16,
    "2p_3/2": 478100.0,
    "2s": 12500000000.0,
    "3d_3/2": 452200000.0,
    "3d_5/2": 0.3147,
    "3p_1/2": 2.681e-17,
    "3p_3/2": 119000.0,
    "3s": 3972000000.0
  },
  "4p_3/2": {
    "1s": 87940000000.0,
    "2p_1/2": 238300.0,
    "2p_3/2": 239400.0,
    "2s": 12500000000.0,
    "3d_3/2": 44990000.0,
    "3d_5/2": 405900000.0,
    "3p_1/2": 59480.0,
    "3p_3/2": 59480.0,
    "3s": 3966000000.0,
    "4d_3/2": 1.296e-08,
    "4p_1/2": 1.894e-06,
    "4s": 1.779
  },
  "4s": {
    "1s": 1.646e-14,
    "2p_1/2": 1100000000.0,
    "2p_3/2": 2227000000.0,
    "2s": 3.133e-15,
    "3d_3/2": 19210.0,
    "3d_5/2": 28830.0,
    "3p_1/2": 791400000.0,
    "3p_3/2": 1591000000.0,
    "3s": 9.648e-16,
    "4p_1/2": 0.0004342
  },
  "5d_3/2": {
    "1s": 9647000.0,
    "2p_1/2": 10150000000.0,
    "2p_3/2": 2031000000.0,
    "2s": 41530.0,
    "3d_3/2": 18600.0,
    "3d_5/2": 7993.0,
    "3p_1/2": 3657000000.0,
    "3p_3/2": 731800000.0,
    "3s": 50370.0,
    "4d_3/2": 8669.0,
    "4d_5/2": 3716.0,
    "4f_5/2": 65400000.0,
    "4f_7/2": 0.009286,
    "4p_1/2": 1603000000.0,
    "4p_3/2": 320900000.0,
    "4s": 25170.0,
    "5p_1/2": 0.6168,
    "5s": 6.746e-13
  },
  "5d_5/2": {
    "1s": 9653000.0,
    "2p_1/2": 87.97,
    "2p_3/2": 12200000000.0,
    "2s": 41680.0,
    "3d_3/2": 5317.0,
    "3d_5/2": 21330.0,
    "3p_1/2": 3.631,
    "3p_3/2": 4393000000.0,
    "3s": 50430.0,
    "4d_3/2": 2477.0,
    "4d_5/2": 9911.0,
    "4f_5/2": 3109000.0,
    "4f_7/2": 62300000.0,
    "4p_1/2": 0.1593,
    "4p_3/2": 1925000000.0,
    "4s": 25170.0,
    "5d_3/2": 1.145e-08,
    "5p_1/2": 3.034e-17,
    "5p_3/2": 0.02823,
    "5s": 3.072e-12
  },
  "5f_5/2": {
    "2p_1/2": 1511000.0,
    "2p_3/2": 429100.0,
    "3d_3/2": 5495000000.0,
    "3d_5/2": 392300000.0,
    "3p_1/2": 940.9,
    "3p_3/2": 265.8,
    "4d_3/2": 3127000000.0,
    "4d_5/2": 223300000.0,
    "4f_5/2": 6114.0,
    "4f_7/2": 1019.0,
    "4p_1/2": 34070.0,
    "4p_3/2": 9718.0,
    "5d_3/2": 0.02151,
    "5p_1/2": 2.474e-12,
    "5p_3/2": 7.158e-16
  },
  "5f_7/2": {
    "2p_3/2": 1931000.0,
    "3d_3/2": 5.84,
    "3d_5/2": 5887000000.0,
    "3p_3/2": 1202.0,
    "4d_3/2": 0.3326,
    "4d_5/2": 3350000000.0,
    "4f_5/2": 764.3,
    "4f_7/2": 6369.0,
    "4p_3/2": 43740.0,
    "5d_3/2": 2.213e-19,
    "5d_5/2": 0.002714,
    "5f_5/2": 1.445e-09,
    "5p_3/2": 2.367e-14
  },
  "5g_7/2": {
    "3d_3/2": 487700.0,
    "3d_5/2": 54180.0,
    "4d_3/2": 42010.0,
    "4d_5/2": 4664.0,
    "4f_5/2": 5319000000.0,
    "4f_7/2": 197000000.0,
    "5d_3/2": 1.015e-14,
    "5d_5/2": 4.341e-18,
    "5f_5/2": 0.001527
  },
  "5g_9/2": {
    "3d_5/2": 541800.0,
    "4d_5/2": 46650.0,
    "4f_5/2": 0.5866,
    "4f_7/2": 5515000000.0,
    "5d_5/2": 4.552e-16,
    "5f_5/2": 5.585e-21,
    "5f_7/2": 0.0003419,
    "5g_7/2": 3.237e-10
  },
  "5p_1/2": {
    "1s": 43790000000.0,
    "2p_1/2": 3.255e-16,
    "2p_3/2": 239100.0,
    "2s": 6353000000.0,
    "3d_3/2": 192600000.0,
    "3d_5/2": 0.2883,
    "3p_1/2": 1.317e-18,
    "3p_3/2": 66090.0,
    "3s": 2113000000.0,
    "4d_3/2": 244600000.0,
    "4d_5/2": 0.03648,
    "4f_5/2": 2196.0,
    "4p_1/2": 2.485e-17,
    "4p_3/2": 21170.0,
    "4s": 954000000.0
  },
  "5p_3/2": {
    "1s": 43970000000.0,
    "2p_1/2": 113700.0,
    "2p_3/2": 119900.0,
    "2s": 6364000000.0,
    "3d_3/2": 19190000.0,
    "3d_5/2": 173900000.0,
    "3p_1/2": 32810.0,
    "3p_3/2": 33100.0,
    "3s": 2113000000.0,
    "4d_3/2": 24360000.0,
    "4d_5/2": 219900000.0,
    "4f_5/2": 313.4,
    "4f_7/2": 1882.0,
    "4p_1/2": 10580.0,
    "4p_3/2": 10590.0,
    "4s": 952700000.0,
    "5p_1/2": 2.501e-07,
    "5s": 0.6053
  },
  "5s": {
    "1s": 4.973e-15,
    "2p_1/2": 535100000.0,
    "2p_3/2": 1102000000.0,
    "2s": 2.837e-16,
    "3d_3/2": 11730.0,
    "3d_5/2": 17750.0,
    "3p_1/2": 385300000.0,
    "3p_3/2": 779500000.0,
    "3s": 2.302e-15,
    "4d_3/2": 6052.0,
    "4d_5/2": 9090.0,
    "4p_1/2": 277600000.0,
    "4p_3/2": 558300000.0,
    "4s": 3.457e-17,
    "5p_1/2": 8.553e-05
  }
}
