{
  "1.09": {
    "1s1s": 0.0,
    "1s2p": 0.0,
    "1s3s": 0.19542,
    "1s4f": 1.57008,
    "1s5d": 0.04304,
    "1s3p": 0.62356,
    "1s3d": 0.81324,
    "1s5f": 0.01686,
    "1s4d": 1.27316,
    "1s4s": 2.14274,
    "1s2s": 0.0,
    "1s4p": 1.69922,
    "1s5s": 0.0063,
    "1s5p": 0.04595
  },
  "2.187": {
    "1s1s": 0.0,
    "1s2p": 0.0,
    "1s3s": 0.52988,
    "1s4f": 2.04042,
    "1s5d": 0.07027,
    "1s3p": 1.70094,
    "1s3d": 1.18153,
    "1s5f": 0.01386,
    "1s4d": 1.79583,
    "1s4s": 1.37455,
    "1s2s": 0.0,
    "1s4p": 1.40661,
    "1s5s": 0.01566,
    "1s5p": 0.05763
  },
  "iontype": "He",
  "4.375": {
    "1s1s": 0.0,
    "1s2p": 8e-05,
    "1s3s": 0.9227,
    "1s4f": 3.05737,
    "1s5d": 0.12379,
    "1s3p": 2.68226,
    "1s3d": 1.45393,
    "1s5f": 0.05196,
    "1s4d": 1.91193,
    "1s4s": 0.7399,
    "1s2s": 1e-05,
    "1s4p": 1.2101,
    "1s5s": 0.04387,
    "1s5p": 0.07611
  },
  "6.562": {
    "1s1s": 0.0,
    "1s2p": 0.00026,
    "1s3s": 1.41819,
    "1s4f": 3.29013,
    "1s5d": 0.16526,
    "1s3p": 2.59527,
    "1s3d": 1.73592,
    "1s5f": 0.11031,
    "1s4d": 1.90112,
    "1s4s": 0.54124,
    "1s2s": 0.00019,
    "1s4p": 1.14673,
    "1s5s": 0.02056,
    "1s5p": 0.05949
  },
  "20.0": {
    "1s1s": 0.0,
    "1s2p": 0.02336,
    "1s3s": 1.02837,
    "1s4f": 4.51752,
    "1s5d": 0.09713,
    "1s3p": 2.3574,
    "1s3d": 2.72908,
    "1s5f": 0.18254,
    "1s4d": 2.15489,
    "1s4s": 0.23561,
    "1s2s": 0.00331,
    "1s4p": 0.85389,
    "1s5s": 0.01811,
    "1s5p": 0.05204
  },
  "10.0": {
    "1s1s": 0.0,
    "1s2p": 0.00223,
    "1s3s": 1.53005,
    "1s4f": 3.61645,
    "1s5d": 0.0898,
    "1s3p": 2.5632,
    "1s3d": 1.95785,
    "1s5f": 0.11987,
    "1s4d": 2.06218,
    "1s4s": 0.41948,
    "1s2s": 0.00066,
    "1s4p": 1.06382,
    "1s5s": 0.01766,
    "1s5p": 0.04521
  },
  "15.0": {
    "1s1s": 0.0,
    "1s2p": 0.01239,
    "1s3s": 1.31112,
    "1s4f": 4.12334,
    "1s5d": 0.08429,
    "1s3p": 2.55577,
    "1s3d": 2.31764,
    "1s5f": 0.12402,
    "1s4d": 2.34488,
    "1s4s": 0.31069,
    "1s2s": 0.00145,
    "1s4p": 0.95874,
    "1s5s": 0.01939,
    "1s5p": 0.02997
  }
}