{
  "1.5": {
    "1s4d": 4.15573,
    "1s5p": 1.81297,
    "1s5s": 1.94147,
    "1s4f": 7.63563,
    "1s5g": 3.60572,
    "1s4p": 6.51486,
    "1s3p": 0.00157,
    "1s5d": 2.61856,
    "1s2p": 1e-05,
    "1s2s": 3e-05,
    "1s3d": 0.00485,
    "1s1s": 0.0,
    "1s5f": 3.54778,
    "1s3s": 0.00091,
    "1s4s": 3.75087
  },
  "2.0": {
    "1s4d": 4.52177,
    "1s5p": 1.62698,
    "1s5s": 1.52586,
    "1s4f": 4.95523,
    "1s5g": 4.52985,
    "1s4p": 6.4628,
    "1s3p": 0.00495,
    "1s5d": 1.95234,
    "1s2p": 4e-05,
    "1s2s": 3e-05,
    "1s3d": 0.01483,
    "1s1s": 1e-05,
    "1s5f": 4.70319,
    "1s3s": 0.00265,
    "1s4s": 3.97557
  },
  "3.0": {
    "1s4d": 5.1573,
    "1s5p": 1.27708,
    "1s5s": 0.90093,
    "1s4f": 5.89848,
    "1s5g": 5.91378,
    "1s4p": 5.91145,
    "1s3p": 0.0291,
    "1s5d": 1.74355,
    "1s2p": 1e-05,
    "1s2s": 1e-05,
    "1s3d": 0.06157,
    "1s1s": 0.0,
    "1s5f": 4.07591,
    "1s3s": 0.01036,
    "1s4s": 4.30028
  },
  "4.0": {
    "1s4d": 5.40203,
    "1s5p": 1.14794,
    "1s5s": 0.76307,
    "1s4f": 5.92136,
    "1s5g": 6.00525,
    "1s4p": 5.94247,
    "1s3p": 0.10286,
    "1s5d": 1.96117,
    "1s2p": 0.0,
    "1s2s": 1e-05,
    "1s3d": 0.10164,
    "1s1s": 0.0,
    "1s5f": 4.36495,
    "1s3s": 0.01895,
    "1s4s": 4.29097
  },
  "5.0": {
    "1s4d": 6.13505,
    "1s5p": 1.0348,
    "1s5s": 0.571,
    "1s4f": 6.20773,
    "1s5g": 6.45566,
    "1s4p": 5.56026,
    "1s3p": 0.19901,
    "1s5d": 2.00565,
    "1s2p": 0.0,
    "1s2s": 1e-05,
    "1s3d": 0.14516,
    "1s1s": 1e-05,
    "1s5f": 4.84267,
    "1s3s": 0.02893,
    "1s4s": 3.66689
  },
  "6.0": {
    "1s4d": 6.79966,
    "1s5p": 1.04487,
    "1s5s": 0.50002,
    "1s4f": 6.64591,
    "1s5g": 7.18891,
    "1s4p": 5.08864,
    "1s3p": 0.27544,
    "1s5d": 1.91932,
    "1s2p": 1e-05,
    "1s2s": 1e-05,
    "1s3d": 0.17855,
    "1s1s": 1e-05,
    "1s5f": 5.07021,
    "1s3s": 0.04186,
    "1s4s": 2.97474
  },
  "iontype": "He",
  "8.0": {
    "1s4d": 7.16504,
    "1s5p": 1.05859,
    "1s5s": 0.39863,
    "1s4f": 7.71131,
    "1s5g": 8.52398,
    "1s4p": 4.37836,
    "1s3p": 0.31487,
    "1s5d": 1.97473,
    "1s2p": 5e-05,
    "1s2s": 1e-05,
    "1s3d": 0.21802,
    "1s1s": 1e-05,
    "1s5f": 5.02957,
    "1s3s": 0.09343,
    "1s4s": 2.08131
  },
  "20.0": {
    "1s4d": 5.42321,
    "1s5p": 0.613,
    "1s5s": 0.17668,
    "1s4f": 9.38177,
    "1s5g": 8.1436,
    "1s4p": 2.31816,
    "1s3p": 0.46357,
    "1s5d": 1.77501,
    "1s2p": 0.00085,
    "1s2s": 0.00021,
    "1s3d": 0.5329,
    "1s1s": 0.0,
    "1s5f": 3.73883,
    "1s3s": 0.18378,
    "1s4s": 0.58413
  },
  "10.0": {
    "1s4d": 6.92659,
    "1s5p": 0.9675,
    "1s5s": 0.32184,
    "1s4f": 8.61307,
    "1s5g": 9.25908,
    "1s4p": 3.7912,
    "1s3p": 0.3106,
    "1s5d": 2.06195,
    "1s2p": 0.0001,
    "1s2s": 4e-05,
    "1s3d": 0.2519,
    "1s1s": 1e-05,
    "1s5f": 4.77924,
    "1s3s": 0.13381,
    "1s4s": 1.51687
  },
  "15.0": {
    "1s4d": 6.16279,
    "1s5p": 0.7195,
    "1s5s": 0.22518,
    "1s4f": 9.63425,
    "1s5g": 9.14593,
    "1s4p": 2.88051,
    "1s3p": 0.37622,
    "1s5d": 2.00663,
    "1s2p": 0.00047,
    "1s2s": 5e-05,
    "1s3d": 0.37551,
    "1s1s": 0.0,
    "1s5f": 4.21704,
    "1s3s": 0.16413,
    "1s4s": 0.85984
  }
}