{
  "0.1": {
    "1s4p": 2.65906,
    "1s4s": 0.82283,
    "1s4d": 1.22224,
    "1s2p": 0.0,
    "1s5p": 8.81433,
    "1s1s": 0.0,
    "1s5f": 10.43105,
    "1s3s": 1e-05,
    "1s6s": 0.23442,
    "1s5d": 4.85935,
    "1s6h": 0.27497,
    "1s6g": 0.58884,
    "1s4f": 1.46127,
    "1s6d": 0.29901,
    "1s3p": 2e-05,
    "1s6p": 0.36194,
    "1s3d": 4e-05,
    "1s2s": 0.0,
    "1s5g": 16.92103,
    "1s6f": 0.97481,
    "1s5s": 9.95071
  },
  "0.3": {
    "1s4p": 0.34829,
    "1s4s": 0.11199,
    "1s4d": 0.30181,
    "1s2p": 1e-05,
    "1s5p": 9.9368,
    "1s1s": 1e-05,
    "1s5f": 12.50618,
    "1s3s": 1e-05,
    "1s6s": 0.11094,
    "1s5d": 3.60122,
    "1s6h": 0.44779,
    "1s6g": 0.58684,
    "1s4f": 0.41898,
    "1s6d": 0.21127,
    "1s3p": 0.0,
    "1s6p": 0.69049,
    "1s3d": 0.0,
    "1s2s": 3e-05,
    "1s5g": 11.06878,
    "1s6f": 0.95851,
    "1s5s": 25.2745
  },
  "2.0": {
    "1s4p": 4.14926,
    "1s4s": 1.82245,
    "1s4d": 2.46127,
    "1s2p": 0.0,
    "1s5p": 5.94794,
    "1s1s": 0.0,
    "1s5f": 13.13181,
    "1s3s": 0.00026,
    "1s6s": 0.07575,
    "1s5d": 4.68617,
    "1s6h": 0.84326,
    "1s6g": 1.01784,
    "1s4f": 2.14395,
    "1s6d": 0.25125,
    "1s3p": 0.00059,
    "1s6p": 0.17671,
    "1s3d": 0.00116,
    "1s2s": 0.0,
    "1s5g": 15.52549,
    "1s6f": 0.43738,
    "1s5s": 4.75277
  },
  "1.0": {
    "1s4p": 2.65906,
    "1s4s": 0.82283,
    "1s4d": 1.22224,
    "1s2p": 0.0,
    "1s5p": 8.81433,
    "1s1s": 0.0,
    "1s5f": 10.43105,
    "1s3s": 1e-05,
    "1s6s": 0.23442,
    "1s5d": 4.85935,
    "1s6h": 0.27497,
    "1s6g": 0.58884,
    "1s4f": 1.46127,
    "1s6d": 0.29901,
    "1s3p": 2e-05,
    "1s6p": 0.36194,
    "1s3d": 4e-05,
    "1s2s": 0.0,
    "1s5g": 16.92103,
    "1s6f": 0.97481,
    "1s5s": 9.95071
  },
  "5.0": {
    "1s4p": 3.72668,
    "1s4s": 2.47494,
    "1s4d": 4.23129,
    "1s2p": 0.0,
    "1s5p": 3.24721,
    "1s1s": 0.0,
    "1s5f": 12.21487,
    "1s3s": 0.00328,
    "1s6s": 0.0406,
    "1s5d": 4.88594,
    "1s6h": 1.85884,
    "1s6g": 1.05303,
    "1s4f": 3.48855,
    "1s6d": 0.25075,
    "1s3p": 0.03978,
    "1s6p": 0.20064,
    "1s3d": 0.0355,
    "1s2s": 0.0,
    "1s5g": 14.45402,
    "1s6f": 0.36148,
    "1s5s": 1.67417
  },
  "0.5": {
    "1s4p": 0.85382,
    "1s4s": 0.25014,
    "1s4d": 0.46642,
    "1s2p": 0.0,
    "1s5p": 10.28899,
    "1s1s": 0.0,
    "1s5f": 11.01969,
    "1s3s": 0.0,
    "1s6s": 0.13342,
    "1s5d": 3.64728,
    "1s6h": 0.32326,
    "1s6g": 0.84149,
    "1s4f": 0.88361,
    "1s6d": 0.25751,
    "1s3p": 0.0,
    "1s6p": 0.40982,
    "1s3d": 0.0,
    "1s2s": 2e-05,
    "1s5g": 16.57319,
    "1s6f": 0.94137,
    "1s5s": 17.27645
  },
  "1.5": {
    "1s4p": 3.66751,
    "1s4s": 1.28978,
    "1s4d": 1.99544,
    "1s2p": 0.0,
    "1s5p": 7.29735,
    "1s1s": 0.0,
    "1s5f": 12.86321,
    "1s3s": 5e-05,
    "1s6s": 0.1633,
    "1s5d": 5.68671,
    "1s6h": 0.43575,
    "1s6g": 0.87068,
    "1s4f": 1.73131,
    "1s6d": 0.16702,
    "1s3p": 0.00017,
    "1s6p": 0.26166,
    "1s3d": 0.00032,
    "1s2s": 0.0,
    "1s5g": 15.25782,
    "1s6f": 0.83906,
    "1s5s": 7.35596
  },
  "8.0": {
    "1s4p": 3.21968,
    "1s4s": 1.52193,
    "1s4d": 4.92908,
    "1s2p": 0.0,
    "1s5p": 2.23061,
    "1s1s": 0.0,
    "1s5f": 11.02656,
    "1s3s": 0.0208,
    "1s6s": 0.05474,
    "1s5d": 4.27745,
    "1s6h": 2.49243,
    "1s6g": 0.97005,
    "1s4f": 5.05536,
    "1s6d": 0.38179,
    "1s3p": 0.08351,
    "1s6p": 0.22759,
    "1s3d": 0.06765,
    "1s2s": 0.0,
    "1s5g": 16.52047,
    "1s6f": 0.53825,
    "1s5s": 0.87031
  },
  "10.0": {
    "1s4p": 2.96774,
    "1s4s": 1.16319,
    "1s4d": 5.0342,
    "1s2p": 1e-05,
    "1s5p": 1.77902,
    "1s1s": 0.0,
    "1s5f": 9.89899,
    "1s3s": 0.03461,
    "1s6s": 0.06572,
    "1s5d": 4.06501,
    "1s6h": 2.50428,
    "1s6g": 1.1833,
    "1s4f": 5.89653,
    "1s6d": 0.45337,
    "1s3p": 0.0927,
    "1s6p": 0.2099,
    "1s3d": 0.08345,
    "1s2s": 0.0,
    "1s5g": 16.96183,
    "1s6f": 0.70143,
    "1s5s": 0.62939
  },
  "15.0": {
    "1s4p": 2.53821,
    "1s4s": 0.76778,
    "1s4d": 5.0805,
    "1s2p": 5e-05,
    "1s5p": 1.18798,
    "1s1s": 0.0,
    "1s5f": 7.90965,
    "1s3s": 0.05615,
    "1s6s": 0.09176,
    "1s5d": 3.53798,
    "1s6h": 2.40937,
    "1s6g": 1.67892,
    "1s4f": 7.02092,
    "1s6d": 0.63359,
    "1s3p": 0.14594,
    "1s6p": 0.22735,
    "1s3d": 0.13812,
    "1s2s": 0.0,
    "1s5g": 15.52696,
    "1s6f": 1.06958,
    "1s5s": 0.34501
  },
  "80.0": {
    "1s4p": 0.32173,
    "1s4s": 0.04087,
    "1s4d": 0.42869,
    "1s2p": 0.00482,
    "1s5p": 0.26804,
    "1s1s": 0.0,
    "1s5f": 1.06889,
    "1s3s": 0.07821,
    "1s6s": 0.02884,
    "1s5d": 0.27214,
    "1s6h": 0.83603,
    "1s6g": 0.99314,
    "1s4f": 2.28116,
    "1s6d": 0.20488,
    "1s3p": 0.32549,
    "1s6p": 0.20645,
    "1s3d": 0.41674,
    "1s2s": 0.00207,
    "1s5g": 1.9592,
    "1s6f": 0.66731,
    "1s5s": 0.02859
  },
  "50.0": {
    "1s4p": 0.52925,
    "1s4s": 0.15058,
    "1s4d": 2.02236,
    "1s2p": 0.00205,
    "1s5p": 0.38895,
    "1s1s": 0.0,
    "1s5f": 1.77809,
    "1s3s": 0.11488,
    "1s6s": 0.05651,
    "1s5d": 0.96311,
    "1s6h": 2.50387,
    "1s6g": 1.63967,
    "1s4f": 4.48461,
    "1s6d": 0.51828,
    "1s3p": 0.29985,
    "1s6p": 0.26478,
    "1s3d": 0.4037,
    "1s2s": 0.00087,
    "1s5g": 5.47127,
    "1s6f": 0.89603,
    "1s5s": 0.0864
  },
  "iontype": "He",
  "0.8": {
    "1s4p": 1.93138,
    "1s4s": 0.66348,
    "1s4d": 0.94901,
    "1s2p": 0.0,
    "1s5p": 9.59254,
    "1s1s": 0.0,
    "1s5f": 10.76758,
    "1s3s": 0.0,
    "1s6s": 0.2421,
    "1s5d": 4.09713,
    "1s6h": 0.23485,
    "1s6g": 0.52501,
    "1s4f": 1.30559,
    "1s6d": 0.29323,
    "1s3p": 0.0,
    "1s6p": 0.40305,
    "1s3d": 2e-05,
    "1s2s": 0.0,
    "1s5g": 17.40407,
    "1s6f": 1.02183,
    "1s5s": 11.4247
  },
  "100.0": {
    "1s4p": 0.21477,
    "1s4s": 0.02086,
    "1s4d": 0.22371,
    "1s2p": 0.00808,
    "1s5p": 0.17132,
    "1s1s": 0.0,
    "1s5f": 0.75078,
    "1s3s": 0.02991,
    "1s6s": 0.02699,
    "1s5d": 0.1729,
    "1s6h": 0.38571,
    "1s6g": 0.60547,
    "1s4f": 1.35162,
    "1s6d": 0.13904,
    "1s3p": 0.24383,
    "1s6p": 0.14222,
    "1s3d": 0.37113,
    "1s2s": 0.0014,
    "1s5g": 0.96751,
    "1s6f": 0.51375,
    "1s5s": 0.02465
  },
  "30.0": {
    "1s4p": 1.48202,
    "1s4s": 0.30514,
    "1s4d": 3.86511,
    "1s2p": 0.00043,
    "1s5p": 0.68315,
    "1s1s": 0.0,
    "1s5f": 3.95273,
    "1s3s": 0.09176,
    "1s6s": 0.1106,
    "1s5d": 2.00762,
    "1s6h": 3.68039,
    "1s6g": 1.96491,
    "1s4f": 6.16013,
    "1s6d": 0.8998,
    "1s3p": 0.2586,
    "1s6p": 0.23423,
    "1s3d": 0.31062,
    "1s2s": 0.00012,
    "1s5g": 9.72241,
    "1s6f": 1.1789,
    "1s5s": 0.16235
  }
}