{
  "2p_1/2": {
    "1s": 2564000000000.0
  },
  "2p_3/2": {
    "1s": 2564000000000.0,
    "2p_1/2": 0.0305,
    "2s": 830.9
  },
  "2s": {
    "1s": 2153000.0,
    "2p_1/2": 0.1129
  },
  "3d_3/2": {
    "1s": 156500000.0,
    "2p_1/2": 221000000000.0,
    "2p_3/2": 44140000000.0,
    "2s": 13420000.0,
    "3p_1/2": 94.46,
    "3s": 1.506e-09
  },
  "3d_5/2": {
    "1s": 156400000.0,
    "2p_1/2": 2652.0,
    "2p_3/2": 264900000000.0,
    "2s": 13430000.0,
    "3d_3/2": 3.462e-05,
    "3p_1/2": 9.843e-13,
    "3p_3/2": 4.198,
    "3s": 6.717e-09
  },
  "3p_1/2": {
    "1s": 680700000000.0,
    "2p_1/2": 1.718e-14,
    "2p_3/2": 6266000.0,
    "2s": 91990000000.0
  },
  "3p_3/2": {
    "1s": 682600000000.0,
    "2p_1/2": 3134000.0,
    "2p_3/2": 3132000.0,
    "2s": 91790000000.0,
    "3p_1/2": 0.0007896,
    "3s": 128.9
  },
  "3s": {
    "1s": 9.925e-12,
    "2p_1/2": 8581000000.0,
    "2p_3/2": 17350000000.0,
    "2s": 4.27e-13,
    "3p_1/2": 0.01818
  },
  "4d_3/2": {
    "1s": 88270000.0,
    "2p_1/2": 70450000000.0,
    "2p_3/2": 14060000000.0,
    "2s": 1348000.0,
    "3d_3/2": 218300.0,
    "3d_5/2": 93540.0,
    "3p_1/2": 24010000000.0,
    "3p_3/2": 4806000000.0,
    "3s": 988300.0,
    "4p_1/2": 30.05,
    "4s": 2.851e-10
  },
  "4d_5/2": {
    "1s": 88300000.0,
    "2p_1/2": 1540.0,
    "2p_3/2": 84450000000.0,
    "2s": 1352000.0,
    "3d_3/2": 62380.0,
    "3d_5/2": 249500.0,
    "3p_1/2": 35.27,
    "3p_3/2": 28830000000.0,
    "3s": 988800.0,
    "4d_3/2": 2.634e-06,
    "4f_5/2": 0.0,
    "4p_1/2": 5.593e-14,
    "4p_3/2": 1.335,
    "4s": 1.28e-09
  },
  "4f_5/2": {
    "2p_1/2": 12620000.0,
    "2p_3/2": 3600000.0,
    "3d_3/2": 52750000000.0,
    "3d_5/2": 3766000000.0,
    "3p_1/2": 1186000.0,
    "3p_3/2": 337400.0,
    "4d_3/2": 0.7791,
    "4p_1/2": 7.177e-10,
    "4p_3/2": 2.002e-13
  },
  "4f_7/2": {
    "2p_3/2": 16200000.0,
    "3d_3/2": 82.84,
    "3d_5/2": 56500000000.0,
    "3p_3/2": 1519000.0,
    "4d_3/2": 3.069e-16,
    "4d_5/2": 0.1018,
    "4f_5/2": 3.444e-07,
    "4p_3/2": 6.751e-12
  },
  "4p_1/2": {
    "1s": 275500000000.0,
    "2p_1/2": 6.443e-15,
    "2p_3/2": 2676000.0,
    "2s": 39420000000.0,
    "3d_3/2": 1433000000.0,
    "3d_5/2": 3.157,
    "3p_1/2": 8.237e-16,
    "3p_3/2": 668500.0,
    "3s": 12550000000.0
  },
  "4p_3/2": {
    "1s": 276800000000.0,
    "2p_1/2": 1330000.0,
    "2p_3/2": 1341000.0,
    "2s": 39430000000.0,
    "3d_3/2": 142000000.0,
    "3d_5/2": 1284000000.0,
    "3p_1/2": 334200.0,
    "3p_3/2": 334200.0,
    "3s": 12520000000.0,
    "4d_3/2": 0.0,
    "4p_1/2": 5.927e-05,
    "4s": 32.4
  },
  "4s": {
    "1s": 3.396e-12,
    "2p_1/2": 3442000000.0,
    "2p_3/2": 7033000000.0,
    "2s": 1.447e-13,
    "3d_3/2": 108000.0,
    "3d_5/2": 162100.0,
    "3p_1/2": 2497000000.0,
    "3p_3/2": 5040000000.0,
    "3s": 6.777e-16,
    "4p_1/2": 0.004152
  },
  "5d_3/2": {
    "1s": 58970000.0,
    "2p_1/2": 32010000000.0,
    "2p_3/2": 6404000000.0,
    "2s": 218800.0,
    "3d_3/2": 103900.0,
    "3d_5/2": 44770.0,
    "3p_1/2": 11540000000.0,
    "3p_3/2": 2310000000.0,
    "3s": 281800.0,
    "4d_3/2": 48680.0,
    "4d_5/2": 20870.0,
    "4f_5/2": 206600000.0,
    "4f_7/2": 0.09283,
    "4p_1/2": 5059000000.0,
    "4p_3/2": 1014000000.0,
    "4s": 141500.0,
    "5p_1/2": 11.21,
    "5s": 6.913e-11
  },
  "5d_5/2": {
    "1s": 59040000.0,
    "2p_1/2": 878.4,
    "2p_3/2": 38510000000.0,
    "2s": 220300.0,
    "3d_3/2": 29730.0,
    "3d_5/2": 119500.0,
    "3p_1/2": 36.27,
    "3p_3/2": 13870000000.0,
    "3s": 282400.0,
    "4d_3/2": 13910.0,
    "4d_5/2": 55670.0,
    "4f_5/2": 9807000.0,
    "4f_7/2": 196800000.0,
    "4p_1/2": 1.591,
    "4p_3/2": 6081000000.0,
    "4s": 141500.0,
    "5d_3/2": 3.372e-07,
    "5p_1/2": 5.385e-15,
    "5p_3/2": 0.4904,
    "5s": 3.034e-10
  },
  "5f_5/2": {
    "2p_1/2": 8546000.0,
    "2p_3/2": 2415000.0,
    "3d_3/2": 17360000000.0,
    "3d_5/2": 1239000000.0,
    "3p_1/2": 5306.0,
    "3p_3/2": 1486.0,
    "4d_3/2": 9880000000.0,
    "4d_5/2": 705800000.0,
    "4f_5/2": 34340.0,
    "4f_7/2": 5724.0,
    "4p_1/2": 191700.0,
    "4p_3/2": 54630.0,
    "5d_3/2": 0.3564,
    "5p_1/2": 2.47e-10,
    "5p_3/2": 6.885e-14
  },
  "5f_7/2": {
    "2p_3/2": 10870000.0,
    "3d_3/2": 58.37,
    "3d_5/2": 18600000000.0,
    "3p_3/2": 6748.0,
    "4d_3/2": 3.324,
    "4d_5/2": 10590000000.0,
    "4f_5/2": 4293.0,
    "4f_7/2": 35780.0,
    "4p_3/2": 245900.0,
    "5d_3/2": 3.71e-17,
    "5d_5/2": 0.05003,
    "5f_5/2": 4.735e-08,
    "5g_7/2": 0.0,
    "5p_3/2": 2.353e-12
  },
  "5g_7/2": {
    "3d_3/2": 2741000.0,
    "3d_5/2": 304400.0,
    "4d_3/2": 236200.0,
    "4d_5/2": 26210.0,
    "4f_5/2": 16810000000.0,
    "4f_7/2": 622400000.0,
    "5d_3/2": 9.57e-13,
    "5d_5/2": 4.609e-16,
    "5f_5/2": 0.02814
  },
  "5g_9/2": {
    "3d_5/2": 3044000.0,
    "4d_5/2": 262200.0,
    "4f_5/2": 5.862,
    "4f_7/2": 17430000000.0,
    "5d_5/2": 4.74e-14,
    "5f_5/2": 1.034e-18,
    "5f_7/2": 0.006108,
    "5g_7/2": 1.028e-08
  },
  "5p_1/2": {
    "1s": 136500000000.0,
    "2p_1/2": 5.657e-16,
    "2p_3/2": 1314000.0,
    "2s": 19930000000.0,
    "3d_3/2": 605800000.0,
    "3d_5/2": 2.881,
    "3p_1/2": 3.096e-15,
    "3p_3/2": 369000.0,
    "3s": 6651000000.0,
    "4d_3/2": 774000000.0,
    "4d_5/2": 0.3654,
    "4f_5/2": 12340.0,
    "4p_1/2": 8.688e-17,
    "4p_3/2": 118800.0,
    "4s": 3011000000.0
  },
  "5p_3/2": {
    "1s": 137500000000.0,
    "2p_1/2": 599900.0,
    "2p_3/2": 660300.0,
    "2s": 19990000000.0,
    "3d_3/2": 60150000.0,
    "3d_5/2": 548100000.0,
    "3p_1/2": 182100.0,
    "3p_3/2": 185000.0,
    "3s": 6653000000.0,
    "4d_3/2": 76830000.0,
    "4d_5/2": 694900000.0,
    "4f_5/2": 1758.0,
    "4f_7/2": 10570.0,
    "4p_1/2": 59330.0,
    "4p_3/2": 59440.0,
    "4s": 3004000000.0,
    "5p_1/2": 7.955e-06,
    "5s": 10.74
  },
  "5s": {
    "1s": 7.87e-13,
    "2p_1/2": 1639000000.0,
    "2p_3/2": 3455000000.0,
    "2s": 8.544e-16,
    "3d_3/2": 65100.0,
    "3d_5/2": 99170.0,
    "3p_1/2": 1204000000.0,
    "3p_3/2": 2458000000.0,
    "3s": 5.712e-16,
    "4d_3/2": 33960.0,
    "4d_5/2": 51060.0,
    "4p_1/2": 874300000.0,
    "4p_3/2": 1767000000.0,
    "4s": 1.01e-16,
    "5p_1/2": 0.001783
  }
}
