{
  "1s": 0.0,
  "2p_1/2": 367.47345491136,
  "2p_3/2": 367.53234359183995,
  "2s": 367.47669585312,
  "3d_3/2": 435.56349388608,
  "3d_5/2": 435.56930501616,
  "3p_1/2": 435.54607413408,
  "3p_3/2": 435.5635224024,
  "3s": 435.54704244912,
  "4d_3/2": 459.37644489072,
  "4d_5/2": 459.37889729423995,
  "4f_5/2": 459.37889233488,
  "4f_7/2": 459.3801172968,
  "4p_1/2": 459.36909635904,
  "4p_3/2": 459.37645728912,
  "4s": 459.36950550624,
  "5d_3/2": 470.39849230752,
  "5d_5/2": 470.39974826544,
  "5f_5/2": 470.39974578576,
  "5f_7/2": 470.4003731448,
  "5g_7/2": 470.40037190495997,
  "5g_9/2": 470.40074881632,
  "5p_1/2": 470.39473063296,
  "5p_3/2": 470.39849850672,
  "5s": 470.39494016592
}