{
  "1s1s2p_1/2": 11.948958,
  "1s1s2p_3/2": 12.01497948,
  "1s1s2s": 0.0,
  "1s1s3d_3/2": 83.6427927888,
  "1s1s3d_5/2": 83.6491283712,
  "1s1s3p_1/2": 82.5873789888,
  "1s1s3p_3/2": 82.60679488320001,
  "1s1s3s": 79.3546945632,
  "1s1s4d_3/2": 107.47926231839999,
  "1s1s4d_5/2": 107.48191557599999,
  "1s1s4f_5/2": 107.50376155679999,
  "1s1s4f_7/2": 107.50491460799999,
  "1s1s4p_1/2": 107.03957785920001,
  "1s1s4p_3/2": 107.0475004368,
  "1s1s4s": 105.720660864,
  "1s1s5d_3/2": 118.510230384,
  "1s1s5d_5/2": 118.51134624,
  "1s1s5f_5/2": 118.52622432,
  "1s1s5f_7/2": 118.52622432,
  "1s1s5g_7/2": 118.52746416,
  "1s1s5g_9/2": 118.52746416,
  "1s1s5p_1/2": 118.29065471999999,
  "1s1s5p_3/2": 118.29065471999999,
  "1s1s5s": 117.62238096,
  "1s1s6d_3/2": 124.50101328,
  "1s1s6d_5/2": 124.502749056,
  "1s1s6f_5/2": 124.51341168,
  "1s1s6f_7/2": 124.51341168,
  "1s1s6g_7/2": 124.514155584,
  "1s1s6g_9/2": 124.514155584,
  "1s1s6h_11/2": 124.51427956799999,
  "1s1s6h_9/2": 124.51427956799999,
  "1s1s6p_1/2": 124.37206992,
  "1s1s6p_3/2": 124.37206992,
  "1s1s6s": 123.99391872,
  "1s1s7d_3/2": 128.11390704,
  "1s1s7d_5/2": 128.116882656,
  "1s1s7f_5/2": 128.122833888,
  "1s1s7f_7/2": 128.122833888,
  "1s1s7g_7/2": 128.12320584,
  "1s1s7g_9/2": 128.12320584,
  "1s1s7h_11/2": 128.036224616832,
  "1s1s7h_9/2": 128.036102988528,
  "1s1s7i_11/2": 128.036203291584,
  "1s1s7i_13/2": 128.036290080384,
  "1s1s7p_1/2": 128.02972190399998,
  "1s1s7p_3/2": 128.02972190399998,
  "1s1s7s": 127.80022751999999,
  "1s1s8d_3/2": 130.466875392,
  "1s1s8d_5/2": 130.468487184,
  "1s1s8f_5/2": 130.46538758399998,
  "1s1s8f_7/2": 130.46538758399998,
  "1s1s8g_7/2": 130.466007504,
  "1s1s8g_9/2": 130.466007504,
  "1s1s8h_11/2": 130.37906558376,
  "1s1s8h_9/2": 130.378984002288,
  "1s1s8i_11/2": 130.379051573568,
  "1s1s8i_13/2": 130.37910972206402,
  "1s1s8k_13/2": 130.37909843952,
  "1s1s8k_15/2": 130.379142205872,
  "1s1s8p_1/2": 130.396948416,
  "1s1s8p_3/2": 130.396948416,
  "1s1s8s": 130.25052331199998
}
