{
  "1s1s_singlet_S0": 0.0,
  "1s2p_singlet_P1": 430.69437935999997,
  "1s2p_triplet_P0": 426.295737,
  "1s2p_triplet_P1": 426.29682185999997,
  "1s2p_triplet_P2": 426.332901204,
  "1s2s_singlet_S0": 426.414947616,
  "1s2s_triplet_S1": 419.79618576,
  "1s3d_singlet_D2": 497.64325967999997,
  "1s3d_triplet_D1": 497.60482464,
  "1s3d_triplet_D2": 497.60482464,
  "1s3d_triplet_D3": 497.60482464,
  "1s3p_singlet_P1": 497.96809776,
  "1s3p_triplet_P0": 496.69974143999997,
  "1s3p_triplet_P1": 496.69974143999997,
  "1s3p_triplet_P2": 496.69974143999997,
  "1s3s_singlet_S0": 496.67990399999996,
  "1s3s_triplet_S1": 494.92677024,
  "1s4d_singlet_D2": 521.4556267199999,
  "1s4d_triplet_D1": 521.45438688,
  "1s4d_triplet_D2": 521.45438688,
  "1s4d_triplet_D3": 521.45438688,
  "1s4f_singlet_F3": 521.45314704,
  "1s4f_triplet_F2": 521.45314704,
  "1s4f_triplet_F3": 521.45314704,
  "1s4f_triplet_F4": 521.45314704,
  "1s4p_singlet_P1": 521.57713104,
  "1s4p_triplet_P0": 521.05763808,
  "1s4p_triplet_P1": 521.05763808,
  "1s4p_triplet_P2": 521.05763808,
  "1s4s_singlet_S0": 521.04523968,
  "1s4s_triplet_S1": 520.3360512,
  "1s5d_singlet_D2": 532.47036528,
  "1s5d_triplet_D1": 532.45796688,
  "1s5d_triplet_D2": 532.45796688,
  "1s5d_triplet_D3": 532.45796688,
  "1s5f_singlet_F3": 532.4740848,
  "1s5f_triplet_F2": 532.4740848,
  "1s5f_triplet_F3": 532.4740848,
  "1s5f_triplet_F4": 532.4740848,
  "1s5g_singlet_G4": 532.443336768,
  "1s5g_triplet_G3": 532.442840832,
  "1s5g_triplet_G4": 532.442840832,
  "1s5g_triplet_G5": 532.443336768,
  "1s5p_singlet_P1": 532.64642256,
  "1s5p_triplet_P0": 532.27323072,
  "1s5p_triplet_P1": 532.27323072,
  "1s5p_triplet_P2": 532.27323072,
  "1s5s_singlet_S0": 532.26579168,
  "1s5s_triplet_S1": 531.9099576
}