{
  "1s1s_singlet_S0": 0.0,
  "1s2p_singlet_P1": 573.946856784,
  "1s2p_triplet_P0": 568.5436043078399,
  "1s2p_triplet_P1": 568.550896922736,
  "1s2p_triplet_P2": 568.61928724104,
  "1s2s_singlet_S0": 568.88570592,
  "1s2s_triplet_S1": 560.98296576,
  "1s3d_singlet_D2": 665.2324324799999,
  "1s3d_triplet_D1": 665.0960500799999,
  "1s3d_triplet_D2": 665.10348912,
  "1s3d_triplet_D3": 665.10472896,
  "1s3p_singlet_P1": 665.6143032,
  "1s3p_triplet_P0": 664.01738928,
  "1s3p_triplet_P1": 664.01738928,
  "1s3p_triplet_P2": 664.01738928,
  "1s3s_singlet_S0": 664.11037728,
  "1s3s_triplet_S1": 661.9282588799999,
  "1s4d_singlet_D2": 697.6170532799999,
  "1s4d_triplet_D1": 697.52902464,
  "1s4d_triplet_D2": 697.533984,
  "1s4d_triplet_D3": 697.595976,
  "1s4f_singlet_F3": 697.63813056,
  "1s4f_triplet_F2": 697.69144368,
  "1s4f_triplet_F3": 697.691567664,
  "1s4f_triplet_F4": 697.56002064,
  "1s4p_singlet_P1": 697.7943504,
  "1s4p_triplet_P0": 697.1124384,
  "1s4p_triplet_P1": 697.1124384,
  "1s4p_triplet_P2": 697.1124384,
  "1s4s_singlet_S0": 697.1744304,
  "1s4s_triplet_S1": 696.3362985599999,
  "1s5d_singlet_D2": 712.68854832,
  "1s5d_triplet_D1": 712.5856416,
  "1s5d_triplet_D2": 712.58812128,
  "1s5d_triplet_D3": 712.61291808,
  "1s5f_singlet_F3": 712.63771488,
  "1s5f_triplet_F2": 712.693383696,
  "1s5f_triplet_F3": 712.69350768,
  "1s5f_triplet_F4": 712.5608448,
  "1s5g_singlet_G4": 712.695739392,
  "1s5g_triplet_G3": 712.694995488,
  "1s5g_triplet_G4": 712.694995488,
  "1s5g_triplet_G5": 712.695739392,
  "1s5p_singlet_P1": 712.7158248,
  "1s5p_triplet_P0": 712.34263296,
  "1s5p_triplet_P1": 712.34263296,
  "1s5p_triplet_P2": 712.34263296,
  "1s5s_singlet_S0": 712.470088512,
  "1s5s_triplet_S1": 711.99175824
}