{
  "1s": 0.0,
  "2p_1/2": 653.4926168904,
  "2p_3/2": 653.67890533008,
  "2s": 653.50173467376,
  "3d_3/2": 774.63271653264,
  "3d_5/2": 774.65108724192,
  "3p_1/2": 774.57760936416,
  "3p_3/2": 774.63280952064,
  "3s": 774.5803345324799,
  "4d_3/2": 816.9730268817599,
  "4d_5/2": 816.98077836144,
  "4f_5/2": 816.98076348336,
  "4f_7/2": 816.98463798336,
  "4p_1/2": 816.9497811216,
  "4p_3/2": 816.97306655664,
  "4s": 816.9509341728,
  "5d_3/2": 836.57071034208,
  "5d_5/2": 836.57467906992,
  "5f_5/2": 836.5746716308801,
  "5f_7/2": 836.57665537488,
  "5g_7/2": 836.57665165536,
  "5g_9/2": 836.5778406619199,
  "5p_1/2": 836.55880911792,
  "5p_3/2": 836.5707301795201,
  "5s": 836.5594005216001
}