{
  "1s": 0.0,
  "2p_1/2": 500.24583882,
  "2p_3/2": 500.35498317504,
  "2s": 500.25148629119997,
  "3d_3/2": 592.95644569728,
  "3d_5/2": 592.96721246784,
  "3p_1/2": 592.9241590238399,
  "3p_3/2": 592.9564990104,
  "3s": 592.92584644608,
  "4d_3/2": 625.37075322624,
  "4d_5/2": 625.3752959999999,
  "4f_5/2": 625.3752873211199,
  "4f_7/2": 625.377558708,
  "4p_1/2": 625.35713358384,
  "4p_3/2": 625.37077554336,
  "4s": 625.35784773168,
  "5d_3/2": 640.3740446678399,
  "5d_5/2": 640.37637060768,
  "5f_5/2": 640.37636688816,
  "5f_7/2": 640.37752985808,
  "5g_7/2": 640.3775273783999,
  "5g_9/2": 640.37822416848,
  "5p_1/2": 640.36707180768,
  "5p_3/2": 640.3740570662401,
  "5s": 640.3674388003201
}