{
  "1s1s_singlet_S0": 0.0,
  "1s2p_singlet_P1": 307.89849323519996,
  "1s2p_triplet_P0": 304.40089715616,
  "1s2p_triplet_P1": 304.39934611632,
  "1s2p_triplet_P2": 304.416180911808,
  "1s2s_singlet_S0": 304.38388159199997,
  "1s2s_triplet_S1": 298.95904846080003,
  "1s3d_singlet_D2": 354.28803671519995,
  "1s3d_triplet_D1": 354.26018990880004,
  "1s3d_triplet_D2": 354.260289096,
  "1s3d_triplet_D3": 354.261714912,
  "1s3p_singlet_P1": 354.5159565024,
  "1s3p_triplet_P0": 353.52890748,
  "1s3p_triplet_P1": 353.528721504,
  "1s3p_triplet_P2": 353.533680864,
  "1s3s_singlet_S0": 353.50070112,
  "1s3s_triplet_S1": 352.0617180192,
  "1s4d_singlet_D2": 370.827403128,
  "1s4d_triplet_D1": 370.808371584,
  "1s4d_triplet_D2": 370.808371584,
  "1s4d_triplet_D3": 370.8117315504,
  "1s4f_singlet_F3": 370.826597232,
  "1s4f_triplet_F2": 370.8266468256,
  "1s4f_triplet_F3": 370.8266468256,
  "1s4f_triplet_F4": 370.8266468256,
  "1s4p_singlet_P1": 370.9182710016,
  "1s4p_triplet_P0": 370.508702256,
  "1s4p_triplet_P1": 370.508702256,
  "1s4p_triplet_P2": 370.5105992112,
  "1s4s_singlet_S0": 370.4947168608,
  "1s4s_triplet_S1": 369.9118308816,
  "1s5d_singlet_D2": 378.4821628896,
  "1s5d_triplet_D1": 378.472194576,
  "1s5d_triplet_D2": 378.472194576,
  "1s5d_triplet_D3": 378.472690512,
  "1s5f_singlet_F3": 378.4801667472,
  "1s5f_triplet_F2": 378.4801667472,
  "1s5f_triplet_F3": 378.4801667472,
  "1s5f_triplet_F4": 378.4801667472,
  "1s5g_singlet_G4": 378.4809230496,
  "1s5g_triplet_G3": 378.4809230496,
  "1s5g_triplet_G4": 378.4809230496,
  "1s5g_triplet_G5": 378.4809230496,
  "1s5p_singlet_P1": 378.528607296,
  "1s5p_triplet_P0": 378.316346688,
  "1s5p_triplet_P1": 378.316346688,
  "1s5p_triplet_P2": 378.32017779359995,
  "1s5s_singlet_S0": 378.3099491136,
  "1s5s_triplet_S1": 378.0188718768
}