{
  "1.0": {
    "4p": 4.33073,
    "3p": 0.01394,
    "2p": 0.0,
    "3s": 0.00676,
    "3d": 0.00799,
    "5s": 0.24593,
    "5d": 0.44327,
    "4f": 9.7909,
    "1s": 0.0,
    "5f": 0.42418,
    "2s": 0.0,
    "4s": 1.61517,
    "4d": 7.26238,
    "5g": 0.2109,
    "5p": 0.42883
  },
  "2.0": {
    "4p": 4.618,
    "3p": 0.0911,
    "2p": 0.0,
    "3s": 0.03559,
    "3d": 0.05738,
    "5s": 0.1271,
    "5d": 0.35784,
    "4f": 7.84292,
    "1s": 0.0,
    "5f": 0.47206,
    "2s": 0.0,
    "4s": 1.6699,
    "4d": 7.37084,
    "5g": 0.2586,
    "5p": 0.30091
  },
  "3.0": {
    "4p": 4.75101,
    "3p": 0.214,
    "2p": 0.0,
    "3s": 0.08609,
    "3d": 0.14901,
    "5s": 0.06217,
    "5d": 0.28584,
    "4f": 6.8525,
    "1s": 0.0,
    "5f": 0.5182,
    "2s": 0.0,
    "4s": 1.27506,
    "4d": 7.62439,
    "5g": 0.43159,
    "5p": 0.15989
  },
  "4.0": {
    "4p": 4.03115,
    "3p": 0.38198,
    "2p": 0.0,
    "3s": 0.1568,
    "3d": 0.23681,
    "5s": 0.02829,
    "5d": 0.13725,
    "4f": 7.07836,
    "1s": 0.0,
    "5f": 0.43061,
    "2s": 0.0,
    "4s": 1.04427,
    "4d": 6.82347,
    "5g": 0.66166,
    "5p": 0.08939
  },
  "5.0": {
    "4p": 3.49308,
    "3p": 0.56305,
    "2p": 0.0,
    "3s": 0.24896,
    "3d": 0.37079,
    "5s": 0.03873,
    "5d": 0.16709,
    "4f": 6.80445,
    "1s": 0.0,
    "5f": 0.34873,
    "2s": 0.0,
    "4s": 0.93258,
    "4d": 6.33559,
    "5g": 0.74559,
    "5p": 0.12104
  },
  "6.0": {
    "4p": 3.31014,
    "3p": 0.66519,
    "2p": 1e-05,
    "3s": 0.3658,
    "3d": 0.44134,
    "5s": 0.04081,
    "5d": 0.23789,
    "4f": 6.44229,
    "1s": 0.0,
    "5f": 0.38603,
    "2s": 1e-05,
    "4s": 0.92607,
    "4d": 5.92387,
    "5g": 0.75974,
    "5p": 0.12777
  },
  "1.5": {
    "4p": 4.41527,
    "3p": 0.04275,
    "2p": 0.0,
    "3s": 0.01525,
    "3d": 0.02772,
    "5s": 0.17416,
    "5d": 0.4279,
    "4f": 8.63285,
    "1s": 0.0,
    "5f": 0.4213,
    "2s": 0.0,
    "4s": 1.43613,
    "4d": 7.89356,
    "5g": 0.18354,
    "5p": 0.3719
  },
  "8.0": {
    "4p": 3.14169,
    "3p": 0.87264,
    "2p": 2e-05,
    "3s": 0.59564,
    "3d": 0.55722,
    "5s": 0.0249,
    "5d": 0.23993,
    "4f": 6.06253,
    "1s": 0.0,
    "5f": 0.51575,
    "2s": 5e-05,
    "4s": 0.77822,
    "4d": 5.40417,
    "5g": 0.81099,
    "5p": 0.08976
  },
  "10.0": {
    "4p": 2.64677,
    "3p": 1.05689,
    "2p": 0.0,
    "3s": 0.66104,
    "3d": 0.6515,
    "5s": 0.03065,
    "5d": 0.21897,
    "4f": 5.96963,
    "1s": 0.0,
    "5f": 0.49457,
    "2s": 8e-05,
    "4s": 0.63711,
    "4d": 5.3754,
    "5g": 0.94777,
    "5p": 0.10324
  },
  "15.0": {
    "4p": 1.92585,
    "3p": 1.30621,
    "2p": 0.00094,
    "3s": 0.61216,
    "3d": 0.89766,
    "5s": 0.03333,
    "5d": 0.24979,
    "4f": 6.39157,
    "1s": 0.0,
    "5f": 0.52366,
    "2s": 0.00051,
    "4s": 0.51523,
    "4d": 4.74096,
    "5g": 1.26515,
    "5p": 0.11729
  },
  "20.0": {
    "4p": 1.56392,
    "3p": 1.35106,
    "2p": 0.00259,
    "3s": 0.54204,
    "3d": 1.15411,
    "5s": 0.03578,
    "5d": 0.31161,
    "4f": 6.63271,
    "1s": 0.0,
    "5f": 0.60011,
    "2s": 0.00121,
    "4s": 0.39885,
    "4d": 3.92601,
    "5g": 1.37185,
    "5p": 0.14368
  },
  "iontype": "H"
}