{
  "3.0": {
    "4f": 0.3131,
    "3p": 0.00013,
    "6p": 0.54875,
    "6g": 4.0357,
    "4d": 0.5322,
    "5s": 1.49487,
    "7f": 0.10395,
    "6h": 5.75894,
    "6d": 1.16855,
    "7d": 0.11431,
    "1s": 0.0,
    "2p": 0.0,
    "4s": 0.40626,
    "5d": 11.85906,
    "7h": 0.16543,
    "4p": 0.72412,
    "2s": 0.0,
    "5f": 14.49275,
    "7p": 0.09509,
    "6f": 2.24115,
    "7g": 0.366,
    "7s": 0.01076,
    "5p": 5.91026,
    "6s": 0.11045,
    "5g": 12.32912,
    "3d": 0.00011,
    "3s": 3e-05
  },
  "1.0": {
    "4f": 0.01787,
    "3p": 0.0,
    "6p": 1.53262,
    "6g": 2.73269,
    "4d": 0.0532,
    "5s": 2.19978,
    "7f": 0.04304,
    "6h": 2.16462,
    "6d": 2.19712,
    "7d": 0.05216,
    "1s": 0.0,
    "2p": 0.0,
    "4s": 0.02455,
    "5d": 10.4899,
    "7h": 0.02764,
    "4p": 0.04559,
    "2s": 0.0,
    "5f": 13.02576,
    "7p": 0.02499,
    "6f": 2.72744,
    "7g": 0.10854,
    "7s": 0.00259,
    "5p": 6.74749,
    "6s": 0.34072,
    "5g": 11.95908,
    "3d": 0.0,
    "3s": 0.0
  },
  "2.5": {
    "4f": 0.22097,
    "3p": 6e-05,
    "6p": 0.55084,
    "6g": 3.78,
    "4d": 0.43833,
    "5s": 1.50043,
    "7f": 0.10583,
    "6h": 5.77341,
    "6d": 1.20201,
    "7d": 0.11719,
    "1s": 0.0,
    "2p": 0.0,
    "4s": 0.29912,
    "5d": 11.79688,
    "7h": 0.12982,
    "4p": 0.50872,
    "2s": 0.0,
    "5f": 14.75551,
    "7p": 0.07023,
    "6f": 2.03933,
    "7g": 0.36007,
    "7s": 0.02053,
    "5p": 6.06632,
    "6s": 0.13401,
    "5g": 12.91941,
    "3d": 3e-05,
    "3s": 2e-05
  },
  "3.5": {
    "4f": 0.36906,
    "3p": 0.00027,
    "6p": 0.65772,
    "6g": 4.29983,
    "4d": 0.6327,
    "5s": 1.60032,
    "7f": 0.10748,
    "6h": 5.90425,
    "6d": 1.21369,
    "7d": 0.14591,
    "1s": 0.0,
    "2p": 0.0,
    "4s": 0.47519,
    "5d": 11.97409,
    "7h": 0.1427,
    "4p": 0.93677,
    "2s": 0.0,
    "5f": 14.43884,
    "7p": 0.11954,
    "6f": 4.19313,
    "7g": 0.30187,
    "7s": 0.00881,
    "5p": 5.76836,
    "6s": 0.1335,
    "5g": 11.97786,
    "3d": 0.00028,
    "3s": 0.0001
  },
  "5.0": {
    "4f": 0.60236,
    "3p": 0.00172,
    "6p": 0.55917,
    "6g": 4.51431,
    "4d": 1.1746,
    "5s": 1.14833,
    "7f": 0.07654,
    "6h": 7.12331,
    "6d": 1.07653,
    "7d": 0.15804,
    "1s": 0.0,
    "2p": 0.0,
    "4s": 0.52388,
    "5d": 10.2303,
    "7h": 0.11428,
    "4p": 1.19939,
    "2s": 0.0,
    "5f": 15.54514,
    "7p": 0.09421,
    "6f": 2.33016,
    "7g": 0.19083,
    "7s": 0.00981,
    "5p": 4.49965,
    "6s": 0.18863,
    "5g": 13.01405,
    "3d": 0.0017,
    "3s": 0.00089
  },
  "iontype": "H",
  "1.5": {
    "4f": 0.06209,
    "3p": 0.0,
    "6p": 0.88231,
    "6g": 4.14249,
    "4d": 0.1382,
    "5s": 1.49523,
    "7f": 0.08703,
    "6h": 3.58733,
    "6d": 1.60662,
    "7d": 0.03724,
    "1s": 0.0,
    "2p": 0.0,
    "4s": 0.06698,
    "5d": 11.7729,
    "7h": 0.0367,
    "4p": 0.15805,
    "2s": 0.0,
    "5f": 16.0312,
    "7p": 0.05288,
    "6f": 2.74732,
    "7g": 0.07696,
    "7s": 0.01422,
    "5p": 5.84712,
    "6s": 0.19958,
    "5g": 12.04244,
    "3d": 0.0,
    "3s": 0.0
  },
  "8.0": {
    "4f": 1.23199,
    "3p": 0.0084,
    "6p": 0.62043,
    "6g": 4.74762,
    "4d": 1.70176,
    "5s": 0.79199,
    "7f": 0.13836,
    "6h": 7.80573,
    "6d": 1.1908,
    "7d": 0.11882,
    "1s": 0.0,
    "2p": 0.0,
    "4s": 0.43568,
    "5d": 7.81503,
    "7h": 0.49497,
    "4p": 1.29814,
    "2s": 0.0,
    "5f": 13.54152,
    "7p": 0.05234,
    "6f": 2.66095,
    "7g": 0.20653,
    "7s": 0.02305,
    "5p": 3.21513,
    "6s": 0.12585,
    "5g": 15.35505,
    "3d": 0.00546,
    "3s": 0.0029
  },
  "25.0": {
    "4f": 2.46336,
    "3p": 0.06465,
    "6p": 0.45403,
    "6g": 3.56956,
    "4d": 2.35686,
    "5s": 0.29805,
    "7f": 0.4839,
    "6h": 6.27165,
    "6d": 1.09138,
    "7d": 0.39043,
    "1s": 0.0,
    "2p": 2e-05,
    "4s": 0.39403,
    "5d": 3.2968,
    "7h": 0.78826,
    "4p": 1.33176,
    "2s": 1e-05,
    "5f": 7.61301,
    "7p": 0.14931,
    "6f": 2.1269,
    "7g": 0.85931,
    "7s": 0.04958,
    "5p": 1.17744,
    "6s": 0.1135,
    "5g": 10.98141,
    "3d": 0.0497,
    "3s": 0.02934
  },
  "10.0": {
    "4f": 1.54563,
    "3p": 0.01143,
    "6p": 0.53863,
    "6g": 4.91726,
    "4d": 1.87291,
    "5s": 0.70998,
    "7f": 0.21227,
    "6h": 7.58076,
    "6d": 1.25869,
    "7d": 0.10105,
    "1s": 0.0,
    "2p": 0.0,
    "4s": 0.42687,
    "5d": 6.9689,
    "7h": 0.3853,
    "4p": 1.33722,
    "2s": 0.0,
    "5f": 12.33398,
    "7p": 0.04803,
    "6f": 2.72568,
    "7g": 0.20346,
    "7s": 0.01372,
    "5p": 2.74956,
    "6s": 0.13271,
    "5g": 15.52724,
    "3d": 0.0079,
    "3s": 0.00574
  },
  "15.0": {
    "4f": 2.14767,
    "3p": 0.02616,
    "6p": 0.5087,
    "6g": 4.74669,
    "4d": 2.21077,
    "5s": 0.49469,
    "7f": 0.30228,
    "6h": 6.62475,
    "6d": 1.2222,
    "7d": 0.21627,
    "1s": 0.0,
    "2p": 0.0,
    "4s": 0.44112,
    "5d": 5.52395,
    "7h": 0.59996,
    "4p": 1.43689,
    "2s": 0.0,
    "5f": 10.59112,
    "7p": 0.08423,
    "6f": 2.66184,
    "7g": 0.38405,
    "7s": 0.02423,
    "5p": 2.01042,
    "6s": 0.12737,
    "5g": 14.11987,
    "3d": 0.0169,
    "3s": 0.01282
  }
}