{
  "1.5": {
    "3p": 8e-05,
    "5d": 11.24785,
    "3d": 7e-05,
    "4s": 0.40358,
    "5s": 1.63601,
    "2s": 0.0001,
    "2p": 0.00022,
    "4d": 0.71798,
    "5g": 15.76343,
    "4p": 0.92753,
    "4f": 0.33114,
    "1s": 0.0,
    "3s": 3e-05,
    "5p": 5.82651,
    "5f": 14.86259
  },
  "2.0": {
    "3p": 0.00051,
    "5d": 9.55329,
    "3d": 0.00049,
    "4s": 0.6042,
    "5s": 1.2428,
    "2s": 0.0,
    "2p": 0.0,
    "4d": 1.20338,
    "5g": 15.02006,
    "4p": 1.29113,
    "4f": 0.55929,
    "1s": 0.0,
    "3s": 0.00012,
    "5p": 4.50665,
    "5f": 15.93152
  },
  "3.0": {
    "3p": 0.00135,
    "5d": 8.46796,
    "3d": 0.0013,
    "4s": 1.10649,
    "5s": 0.97902,
    "2s": 0.0,
    "2p": 0.0,
    "4d": 1.80051,
    "5g": 13.83913,
    "4p": 2.04679,
    "4f": 1.11486,
    "1s": 0.0,
    "3s": 0.0004,
    "5p": 3.88717,
    "5f": 13.32434
  },
  "4.0": {
    "3p": 0.00618,
    "5d": 8.13649,
    "3d": 0.00524,
    "4s": 1.21445,
    "5s": 1.0257,
    "2s": 0.0,
    "2p": 0.0,
    "4d": 2.12434,
    "5g": 12.40691,
    "4p": 2.76413,
    "4f": 1.35459,
    "1s": 0.0,
    "3s": 0.00163,
    "5p": 3.57395,
    "5f": 12.30807
  },
  "5.0": {
    "3p": 0.01318,
    "5d": 7.53512,
    "3d": 0.01124,
    "4s": 1.17125,
    "5s": 0.88201,
    "2s": 0.0,
    "2p": 0.0,
    "4d": 2.70571,
    "5g": 12.21111,
    "4p": 2.97529,
    "4f": 1.58664,
    "1s": 0.0,
    "3s": 0.00616,
    "5p": 3.14595,
    "5f": 12.29381
  },
  "6.0": {
    "3p": 0.02394,
    "5d": 6.6935,
    "3d": 0.01814,
    "4s": 1.01726,
    "5s": 0.70333,
    "2s": 0.0,
    "2p": 0.0,
    "4d": 3.28137,
    "5g": 12.69856,
    "4p": 2.81925,
    "4f": 1.90177,
    "1s": 0.0,
    "3s": 0.01199,
    "5p": 2.78988,
    "5f": 12.27406
  },
  "iontype": "H",
  "8.0": {
    "3p": 0.0494,
    "5d": 5.63012,
    "3d": 0.02812,
    "4s": 0.80612,
    "5s": 0.60133,
    "2s": 0.0,
    "2p": 0.0,
    "4d": 3.71369,
    "5g": 13.76125,
    "4p": 2.5767,
    "4f": 2.63677,
    "1s": 0.0,
    "3s": 0.01884,
    "5p": 2.35455,
    "5f": 11.04141
  },
  "20.0": {
    "3p": 0.14259,
    "5d": 3.27847,
    "3d": 0.11453,
    "4s": 0.5292,
    "5s": 0.28771,
    "2s": 5e-05,
    "2p": 8e-05,
    "4d": 3.64525,
    "5g": 11.02376,
    "4p": 1.95355,
    "4f": 4.44136,
    "1s": 0.0,
    "3s": 0.06387,
    "5p": 1.15061,
    "5f": 6.9199
  },
  "10.0": {
    "3p": 0.06176,
    "5d": 5.01978,
    "3d": 0.03745,
    "4s": 0.71203,
    "5s": 0.53622,
    "2s": 1e-05,
    "2p": 0.0,
    "4d": 3.7524,
    "5g": 14.03311,
    "4p": 2.39914,
    "4f": 3.23275,
    "1s": 0.0,
    "3s": 0.03062,
    "5p": 2.0491,
    "5f": 9.80071
  },
  "15.0": {
    "3p": 0.1014,
    "5d": 4.05507,
    "3d": 0.07075,
    "4s": 0.61641,
    "5s": 0.38705,
    "2s": 2e-05,
    "2p": 3e-05,
    "4d": 3.73483,
    "5g": 12.69823,
    "4p": 2.17511,
    "4f": 4.15082,
    "1s": 0.0,
    "3s": 0.04823,
    "5p": 1.51569,
    "5f": 8.08782
  }
}