{
  "0.5": {
    "2p": 0.00214,
    "2s": 0.02903,
    "3d": 3.50513,
    "3p": 5.55949,
    "3s": 1.11025,
    "4d": 0.54264,
    "4f": 0.2507,
    "4p": 0.70203,
    "4s": 0.98315,
    "5d": 0.37999999999999995,
    "5f": 0.44475000000000003,
    "5p": 0.88672,
    "5s": 3.19402,
    "6d": 1.03316,
    "6f": 0.26189999999999997,
    "6p": 0.8635900000000001,
    "6s": 0.78577
  },
  "1": {
    "2p": 0.00138,
    "2s": 0.00974,
    "3d": 3.8995699999999998,
    "3p": 5.29825,
    "3s": 2.76484,
    "4d": 0.42276,
    "4f": 0.22032000000000002,
    "4p": 0.63687,
    "4s": 0.3787,
    "5d": 0.33942000000000005,
    "5f": 0.12419000000000001,
    "5p": 0.55102,
    "5s": 0.86665,
    "6d": 0.46638,
    "6f": 0.13842,
    "6p": 0.35839,
    "6s": 0.55261
  },
  "10": {
    "2p": 0.35265,
    "2s": 0.21382,
    "3d": 4.62646,
    "3p": 3.1095800000000002,
    "3s": 3.10098,
    "4d": 0.45508,
    "4f": 0.9809,
    "4p": 0.20665999999999998,
    "4s": 0.06899,
    "5d": 0.04129,
    "5f": 0.05496,
    "5p": 0.02114,
    "5s": 0.01701,
    "6d": 0.02314,
    "6f": 0.01903,
    "6p": 0.02701,
    "6s": 0.01017
  },
  "100": {
    "2p": 0.46270999999999995,
    "2s": 0.16124,
    "3d": 1.90097,
    "3p": 0.38260000000000005,
    "3s": 0.09711,
    "4d": 0.54771,
    "4f": 0.73801,
    "4p": 0.15743000000000001,
    "4s": 0.04812,
    "5d": 0.24491000000000002,
    "5f": 0.24008999999999997,
    "5p": 0.08412,
    "5s": 0.02702,
    "6d": 0.13912999999999998,
    "6f": 0.12138000000000002,
    "6p": 0.05329999999999999,
    "6s": 0.01968
  },
  "15": {
    "2p": 0.25702,
    "2s": 0.09412,
    "3d": 4.8796,
    "3p": 3.08427,
    "3s": 2.21088,
    "4d": 0.73168,
    "4f": 1.3407,
    "4p": 0.2353,
    "4s": 0.09785,
    "5d": 0.01948,
    "5f": 0.026869999999999998,
    "5p": 0.023129999999999998,
    "5s": 0.01245,
    "6d": 0.01286,
    "6f": 0.00902,
    "6p": 0.01373,
    "6s": 0.00514
  },
  "150": {
    "2p": 0.36882,
    "2s": 0.10346,
    "3d": 0.80132,
    "3p": 0.18405,
    "3s": 0.05848,
    "4d": 0.30445999999999995,
    "4f": 0.30243000000000003,
    "4p": 0.09773,
    "4s": 0.03137,
    "5d": 0.1662199999999999,
    "5f": 0.1418899999999999,
    "5p": 0.06176,
    "5s": 0.0196,
    "6d": 0.11293,
    "6f": 0.09088,
    "6p": 0.04408,
    "6s": 0.01621
  },
  "2": {
    "2p": 0.00116,
    "2s": 0.00223,
    "3d": 3.7063900000000003,
    "3p": 5.12702,
    "3s": 3.33407,
    "4d": 0.57004,
    "4f": 0.34926,
    "4p": 0.41781,
    "4s": 0.24276,
    "5d": 0.37885,
    "5f": 0.03017,
    "5p": 0.33086,
    "5s": 0.23839,
    "6d": 0.59408,
    "6f": 0.012679999999999999,
    "6p": 0.38452,
    "6s": 0.40642
  },
  "20": {
    "2p": 0.36419,
    "2s": 0.10689,
    "3d": 5.1122,
    "3p": 2.71084,
    "3s": 1.48606,
    "4d": 0.79466,
    "4f": 1.72667,
    "4p": 0.24625999999999998,
    "4s": 0.08742,
    "5d": 0.0317,
    "5f": 0.03785,
    "5p": 0.03315,
    "5s": 0.0094,
    "6d": 0.007110000000000001,
    "6f": 0.00478,
    "6p": 0.00719,
    "6s": 0.0026
  },
  "200": {
    "2p": 0.25405,
    "2s": 0.05427,
    "3d": 0.36622,
    "3p": 0.12723,
    "3s": 0.02977,
    "4d": 0.16509000000000001,
    "4f": 0.12465999999999999,
    "4p": 0.07232,
    "4s": 0.01681,
    "5d": 0.09816000000000001,
    "5f": 0.07129999999999999,
    "5p": 0.04647,
    "5s": 0.0112,
    "6d": 0.07048,
    "6f": 0.05158,
    "6p": 0.033299999999999996,
    "6s": 0.00971
  },
  "3": {
    "2p": 0.00248,
    "2s": 0.00204,
    "3d": 3.61817,
    "3p": 4.69072,
    "3s": 3.50475,
    "4d": 0.59508,
    "4f": 0.5268200000000001,
    "4p": 0.22133999999999998,
    "4s": 0.14259,
    "5d": 0.28284,
    "5f": 0.05534,
    "5p": 0.18606999999999999,
    "5s": 0.15316,
    "6d": 0.31001,
    "6f": 0.013970000000000002,
    "6p": 0.16913,
    "6s": 0.14678
  },
  "30": {
    "2p": 0.303,
    "2s": 0.11067,
    "3d": 5.00453,
    "3p": 2.16878,
    "3s": 0.85079,
    "4d": 0.7387900000000001,
    "4f": 1.8936600000000001,
    "4p": 0.33006,
    "4s": 0.07203,
    "5d": 0.1218699999999999,
    "5f": 0.10088,
    "5p": 0.04166,
    "5s": 0.01421,
    "6d": 0.02215,
    "6f": 0.010759999999999999,
    "6p": 0.01163,
    "6s": 0.00437
  },
  "300": {
    "2p": 0.11941000000000002,
    "2s": 0.01543,
    "3d": 0.10025,
    "3p": 0.06464,
    "3s": 0.00867,
    "4d": 0.055700000000000006,
    "4f": 0.02639,
    "4p": 0.03762999999999999,
    "4s": 0.00511,
    "5d": 0.03555,
    "5f": 0.01872,
    "5p": 0.02425,
    "5s": 0.00349,
    "6d": 0.026220000000000004,
    "6f": 0.01556999999999999,
    "6p": 0.01701,
    "6s": 0.0031
  },
  "4": {
    "2p": 0.00597,
    "2s": 0.00096,
    "3d": 4.129519999999999,
    "3p": 4.117850000000001,
    "3s": 3.80337,
    "4d": 0.52802,
    "4f": 0.73245,
    "4p": 0.13207000000000002,
    "4s": 0.09458,
    "5d": 0.27564,
    "5f": 0.05519999999999999,
    "5p": 0.18629,
    "5s": 0.14318,
    "6d": 0.19322,
    "6f": 0.01152,
    "6p": 0.10956,
    "6s": 0.07616
  },
  "40": {
    "2p": 0.34012,
    "2s": 0.1235,
    "3d": 4.63363,
    "3p": 1.66939,
    "3s": 0.54157,
    "4d": 0.7396099999999999,
    "4f": 1.7058400000000002,
    "4p": 0.36729999999999985,
    "4s": 0.06872,
    "5d": 0.17376000000000003,
    "5f": 0.15825000000000003,
    "5p": 0.06896000000000001,
    "5s": 0.01853,
    "6d": 0.04512,
    "6f": 0.025549999999999996,
    "6p": 0.01947,
    "6s": 0.00744
  },
  "400": {
    "2p": 0.06122999999999999,
    "2s": 0.00534,
    "3d": 0.035370000000000006,
    "3p": 0.03427999999999999,
    "3s": 0.00318,
    "4d": 0.02179,
    "4f": 0.007330000000000001,
    "4p": 0.01969,
    "4s": 0.00191,
    "5d": 0.01422,
    "5f": 0.00587,
    "5p": 0.012570000000000001,
    "5s": 0.00129,
    "6d": 0.01048,
    "6f": 0.00528,
    "6p": 0.00863,
    "6s": 0.00113
  },
  "5": {
    "2p": 0.00876,
    "2s": 0.00695,
    "3d": 4.07131,
    "3p": 3.54288,
    "3s": 3.76816,
    "4d": 0.41707000000000005,
    "4f": 0.8096599999999999,
    "4p": 0.20334,
    "4s": 0.09066,
    "5d": 0.22892,
    "5f": 0.04925,
    "5p": 0.16726,
    "5s": 0.14976,
    "6d": 0.10994999999999999,
    "6f": 0.00854,
    "6p": 0.06208999999999999,
    "6s": 0.03412
  },
  "50": {
    "2p": 0.37398,
    "2s": 0.14965,
    "3d": 4.13332,
    "3p": 1.27905,
    "3s": 0.3305,
    "4d": 0.77782,
    "4f": 1.49978,
    "4p": 0.32283,
    "4s": 0.0717499999999999,
    "5d": 0.21151000000000003,
    "5f": 0.1984799999999999,
    "5p": 0.09371,
    "5s": 0.02234,
    "6d": 0.06883000000000002,
    "6f": 0.04765,
    "6p": 0.03423,
    "6s": 0.0105
  },
  "500": {
    "2p": 0.03393,
    "2s": 0.00241,
    "3d": 0.01484999999999999,
    "3p": 0.01915,
    "3s": 0.00147,
    "4d": 0.00961,
    "4f": 0.00249,
    "4p": 0.01080999999999999,
    "4s": 0.00087,
    "5d": 0.0063100000000000005,
    "5f": 0.00215,
    "5p": 0.006840000000000001,
    "5s": 0.00057,
    "6d": 0.00461,
    "6f": 0.00204,
    "6p": 0.00464,
    "6s": 0.00048
  },
  "6": {
    "2p": 0.07963,
    "2s": 0.15254,
    "3d": 4.21176,
    "3p": 3.1784499999999998,
    "3s": 3.70596,
    "4d": 0.37113999999999997,
    "4f": 0.9020100000000001,
    "4p": 0.22868,
    "4s": 0.1189,
    "5d": 0.21468,
    "5f": 0.0455,
    "5p": 0.14656999999999998,
    "5s": 0.12404,
    "6d": 0.09153,
    "6f": 0.0062,
    "6p": 0.05685,
    "6s": 0.02712
  },
  "7": {
    "2p": 0.11299000000000001,
    "2s": 0.13318,
    "3d": 4.22871,
    "3p": 3.0510099999999998,
    "3s": 3.42656,
    "4d": 0.41465,
    "4f": 0.9122499999999999,
    "4p": 0.18409,
    "4s": 0.08048,
    "5d": 0.19392,
    "5f": 0.04058,
    "5p": 0.12963,
    "5s": 0.09903,
    "6d": 0.07309,
    "6f": 0.00439,
    "6p": 0.06067,
    "6s": 0.02698
  },
  "70": {
    "2p": 0.42459,
    "2s": 0.1548,
    "3d": 3.1693499999999997,
    "3p": 0.74475,
    "3s": 0.18017,
    "4d": 0.70902,
    "4f": 1.15927,
    "4p": 0.2661,
    "4s": 0.04689,
    "5d": 0.2429,
    "5f": 0.24593000000000004,
    "5p": 0.11097,
    "5s": 0.02017,
    "6d": 0.10456,
    "6f": 0.092,