{
  "0.5": {
    "2p": 0.00163,
    "2s": 0.0465,
    "3d": 0.01686,
    "3p": 0.02818,
    "3s": 0.02319,
    "4d": 4.61964,
    "4f": 8.56748,
    "4p": 7.51937,
    "4s": 16.62284,
    "5d": 0.6499999999999999,
    "5f": 0.52454,
    "5p": 0.68082,
    "5s": 1.53295,
    "6d": 0.40854,
    "6f": 0.24736,
    "6p": 0.27055,
    "6s": 1.19798
  },
  "1": {
    "2p": 0.00202,
    "2s": 0.00979,
    "3d": 0.11119000000000001,
    "3p": 0.08127000000000001,
    "3s": 0.03062,
    "4d": 4.38073,
    "4f": 11.355160000000001,
    "4p": 6.41434,
    "4s": 14.05442,
    "5d": 0.71662,
    "5f": 0.30889,
    "5p": 1.08678,
    "5s": 1.30278,
    "6d": 0.54752,
    "6f": 0.18521,
    "6p": 0.76312,
    "6s": 1.04759
  },
  "10": {
    "2p": 0.01199,
    "2s": 0.00817,
    "3d": 2.18242,
    "3p": 1.45507,
    "3s": 0.87156,
    "4d": 8.083369999999999,
    "4f": 11.791760000000002,
    "4p": 3.0809,
    "4s": 1.79421,
    "5d": 0.6692,
    "5f": 1.09835,
    "5p": 0.26985,
    "5s": 0.12789,
    "6d": 0.08453999999999999,
    "6f": 0.06391,
    "6p": 0.048029999999999996,
    "6s": 0.03017
  },
  "100": {
    "2p": 0.11595,
    "2s": 0.04203,
    "3d": 1.17998,
    "3p": 0.26794,
    "3s": 0.06354,
    "4d": 0.50495,
    "4f": 1.1279000000000001,
    "4p": 0.15352,
    "4s": 0.05012,
    "5d": 0.30797,
    "5f": 0.41531999999999997,
    "5p": 0.1069799999999999,
    "5s": 0.04091,
    "6d": 0.2308399999999999,
    "6f": 0.25564,
    "6p": 0.09399,
    "6s": 0.03937
  },
  "15": {
    "2p": 0.02507999999999999,
    "2s": 0.00733,
    "3d": 2.27231,
    "3p": 1.38479,
    "3s": 0.79895,
    "4d": 6.71264,
    "4f": 12.298020000000001,
    "4p": 2.0914,
    "4s": 0.82863,
    "5d": 0.67321,
    "5f": 1.5627499999999999,
    "5p": 0.28319,
    "5s": 0.09915,
    "6d": 0.06515,
    "6f": 0.09084,
    "6p": 0.0457,
    "6s": 0.01704
  },
  "150": {
    "2p": 0.07468,
    "2s": 0.02828,
    "3d": 0.45260999999999996,
    "3p": 0.07978,
    "3s": 0.02906,
    "4d": 0.22991,
    "4f": 0.31723000000000007,
    "4p": 0.05777,
    "4s": 0.02323,
    "5d": 0.157,
    "5f": 0.16384,
    "5p": 0.04655,
    "5s": 0.01902,
    "6d": 0.12713000000000002,
    "6f": 0.11659,
    "6p": 0.042050000000000004,
    "6s": 0.01916
  },
  "2": {
    "2p": 0.00135,
    "2s": 0.00408,
    "3d": 0.26396000000000003,
    "3p": 0.33925,
    "3s": 0.11342,
    "4d": 6.75582,
    "4f": 12.17792,
    "4p": 5.48831,
    "4s": 10.53027,
    "5d": 0.88361,
    "5f": 0.2995,
    "5p": 0.56691,
    "5s": 0.61571,
    "6d": 1.25379,
    "6f": 0.25012,
    "6p": 0.69705,
    "6s": 0.92212
  },
  "20": {
    "2p": 0.0249,
    "2s": 0.00894,
    "3d": 2.46371,
    "3p": 1.42363,
    "3s": 0.69585,
    "4d": 5.2302100000000005,
    "4f": 11.516250000000001,
    "4p": 1.59314,
    "4s": 0.45124,
    "5d": 0.8302499999999999,
    "5f": 1.6374300000000002,
    "5p": 0.33152000000000004,
    "5s": 0.09686,
    "6d": 0.13542999999999988,
    "6f": 0.15273,
    "6p": 0.06704,
    "6s": 0.02421
  },
  "200": {
    "2p": 0.05491,
    "2s": 0.01616,
    "3d": 0.1930699999999999,
    "3p": 0.04324,
    "3s": 0.01452,
    "4d": 0.1127899999999999,
    "4f": 0.10542,
    "4p": 0.032600000000000004,
    "4s": 0.01105,
    "5d": 0.08033000000000001,
    "5f": 0.06563,
    "5p": 0.02564,
    "5s": 0.00886,
    "6d": 0.06579,
    "6f": 0.050890000000000005,
    "6p": 0.02204,
    "6s": 0.00886
  },
  "3": {
    "2p": 0.00367,
    "2s": 0.00091,
    "3d": 0.37137,
    "3p": 0.77485,
    "3s": 0.12972,
    "4d": 7.67467,
    "4f": 12.13239,
    "4p": 4.60137,
    "4s": 8.05563,
    "5d": 1.14605,
    "5f": 0.4899,
    "5p": 0.6549200000000001,
    "5s": 0.52654,
    "6d": 0.87273,
    "6f": 0.23945,
    "6p": 0.48568999999999996,
    "6s": 0.47965
  },
  "30": {
    "2p": 0.036699999999999997,
    "2s": 0.01214,
    "3d": 2.7428299999999997,
    "3p": 1.5366,
    "3s": 0.5558,
    "4d": 3.18052,
    "4f": 8.76793,
    "4p": 1.06084,
    "4s": 0.28973,
    "5d": 0.89442,
    "5f": 1.42293,
    "5p": 0.35215,
    "5s": 0.0756899999999999,
    "6d": 0.27986,
    "6f": 0.26083,
    "6p": 0.11387,
    "6s": 0.04093
  },
  "300": {
    "2p": 0.03032,
    "2s": 0.0048,
    "3d": 0.04785,
    "3p": 0.0218,
    "3s": 0.00371,
    "4d": 0.0322,
    "4f": 0.01733,
    "4p": 0.015040000000000001,
    "4s": 0.00266,
    "5d": 0.02316,
    "5f": 0.01306,
    "5p": 0.010620000000000001,
    "5s": 0.00204,
    "6d": 0.01857,
    "6f": 0.01124,
    "6p": 0.008110000000000001,
    "6s": 0.00202
  },
  "4": {
    "2p": 0.019,
    "2s": 0.01435,
    "3d": 0.47722000000000003,
    "3p": 1.21817,
    "3s": 0.16742,
    "4d": 7.95963,
    "4f": 11.733699999999999,
    "4p": 4.129440000000001,
    "4s": 6.51318,
    "5d": 1.09998,
    "5f": 0.63531,
    "5p": 0.37587000000000004,
    "5s": 0.29412,
    "6d": 0.45746,
    "6f": 0.19163,
    "6p": 0.27051000000000003,
    "6s": 0.20675
  },
  "40": {
    "2p": 0.07904,
    "2s": 0.01745,
    "3d": 2.94599,
    "3p": 1.37262,
    "3s": 0.48017,
    "4d": 1.9774,
    "4f": 6.3611699999999995,
    "4p": 0.87729,
    "4s": 0.17883,
    "5d": 0.7165299999999999,
    "5f": 1.12361,
    "5p": 0.35139,
    "5s": 0.06112,
    "6d": 0.31351,
    "6f": 0.32771,
    "6p": 0.1524,
    "6s": 0.04678
  },
  "400": {
    "2p": 0.01699,
    "2s": 0.00157,
    "3d": 0.01587,
    "3p": 0.01175,
    "3s": 0.00111,
    "4d": 0.01121,
    "4f": 0.0041400000000000005,
    "4p": 0.007509999999999999,
    "4s": 0.00077,
    "5d": 0.00791,
    "5f": 0.00345,
    "5p": 0.00511,
    "5s": 0.00058,
    "6d": 0.00616,
    "6f": 0.00316,
    "6p": 0.0036899999999999997,
    "6s": 0.00058
  },
  "5": {
    "2p": 0.03764,
    "2s": 0.02158,
    "3d": 0.7457199999999999,
    "3p": 1.49539,
    "3s": 0.34699,
    "4d": 8.104809999999999,
    "4f": 11.53094,
    "4p": 4.02393,
    "4s": 5.38139,
    "5d": 0.8696200000000001,
    "5f": 0.5905999999999999,
    "5p": 0.39442999999999995,
    "5s": 0.31213,
    "6d": 0.33741,
    "6f": 0.14688,
    "6p": 0.20976,
    "6s": 0.12461
  },
  "50": {
    "2p": 0.09642,
    "2s": 0.04367,
    "3d": 2.72936,
    "3p": 1.2768000000000002,
    "3s": 0.29901,
    "4d": 1.4251999999999998,
    "4f": 4.664040000000001,
    "4p": 0.61577,
    "4s": 0.12407,
    "5d": 0.6182599999999999,
    "5f": 0.9084800000000001,
    "5p": 0.27517,
    "5s": 0.06526,
    "6d": 0.31365000000000004,
    "6f": 0.34689000000000003,
    "6p": 0.17004999999999998,
    "6s": 0.04701
  },
  "500": {
    "2p": 0.00985,
    "2s": 0.00061,
    "3d": 0.00637,
    "3p": 0.0065,
    "3s": 0.00041,
    "4d": 0.00453,
    "4f": 0.00127,
    "4p": 0.00394,
    "4s": 0.00027,
    "5d": 0.0031300000000000004,
    "5f": 0.0011200000000000001,
    "5p": 0.00263,
    "5s": 0.00019,
    "6d": 0.00237,
    "6f": 0.00108,
    "6p": 0.00186,
    "6s": 0.00019
  },
  "6": {
    "2p": 0.038849999999999996,
    "2s": 0.06233,
    "3d": 1.2165,
    "3p": 1.6681300000000001,
    "3s": 0.65523,
    "4d": 8.436869999999999,
    "4f": 11.598830000000001,
    "4p": 3.7504999999999997,
    "4s": 4.15897,
    "5d": 0.6806,
    "5f": 0.57177,
    "5p": 0.34839000000000003,
    "5s": 0.2349,
    "6d": 0.23047000000000004,
    "6f": 0.08646999999999999,
    "6p": 0.13509,
    "6s": 0.08158
  },
  "7": {
    "2p": 0.02561,
    "2s": 0.03036,
    "3d": 1.96645,
    "3p": 1.41528,
    "3s": 0.55873,
    "4d": 8.56964,
    "4f": 11.59439,
    "4p": 3.4909600000000003,
    "4s": 3.20672,
    "5d": 0.6486000000000001,
    "5f": 0.64933,
    "5p": 0.33155,
    "5s": 0.20544,
    "6d": 0.20726,
    "6f": 0.0909,
    "6p": 0.11187000000000001,
    "6s": 0.06277
  },
  "70": {
    "2p": 0.12949,
    "2s": 0.04887,
    "3d": 2.10003,
    "3p": 0.70547,
    "3s": 0.14007,
    "4d": 0.8767199999999999,
    "4f": 2.5923000000000003,
    "4p": 0.35856,
    "4s": 0.07752,
    "5d": 0.45246000000000003,
    "5f": 0.66802,
    "5p": 0.20332,
    "5s": 0.05298,
    "6d": 0.28703999999999996,
    "6f": 0.33938,
    "6p": 0.15821,
    "6s": 0.0443
  },